tox21,random,classification,logreg,mean-roc_auc_score,train,0.90746326941347633,valid,0.7838484698348841,test,0.80980871226537643
tox21,random,classification,logreg,mean-roc_auc_score,train,0.91159434625328417,valid,0.76451337031644195,test,0.79259652707812833
tox21,random,classification,logreg,mean-roc_auc_score,train,0.91070739733009987,valid,0.76690823613889814,test,0.77958135286164698
tox21,random,classification,kernelsvm,mean-roc_auc_score,train,0.99764741548975844,valid,0.82907973758716158,test,0.82182503927235528
tox21,random,classification,kernelsvm,mean-roc_auc_score,train,0.99767195472196224,valid,0.81093330924757023,test,0.82883910541841732
tox21,random,classification,kernelsvm,mean-roc_auc_score,train,0.99788311220213954,valid,0.81397023441799599,test,0.81647033567536376
tox21,random,classification,irv,mean-roc_auc_score,train,0.80237174260986988,valid,0.81365999691906588,test,0.80408040120469426
tox21,random,classification,irv,mean-roc_auc_score,train,0.80460654135249898,valid,0.80152958839494381,test,0.80103135608622444
tox21,random,classification,irv,mean-roc_auc_score,train,0.80820812184952706,valid,0.80459916705023693,test,0.79201395907292083
tox21,random,classification,tf,mean-roc_auc_score,train,0.88298735754280055,valid,0.8143841675926109,test,0.81626616774527305
tox21,random,classification,tf,mean-roc_auc_score,train,0.88305575092271249,valid,0.78606611272408167,test,0.79984815254352115
tox21,random,classification,tf,mean-roc_auc_score,train,0.88475447568423393,valid,0.78541531955370469,test,0.79182877778398775
tox21,random,classification,tf_robust,mean-roc_auc_score,train,0.9367098991305286,valid,0.80887867194748797,test,0.82105579910313065
tox21,random,classification,tf_robust,mean-roc_auc_score,train,0.93778271589551776,valid,0.79465235955153546,test,0.81378477408088756
tox21,random,classification,tf_robust,mean-roc_auc_score,train,0.9380733302990345,valid,0.79505479863887052,test,0.7963681201183479
tox21,random,classification,graphconv,mean-roc_auc_score,train,0.90671941175338333,valid,0.83464273389495702,test,0.83220089611224901
tox21,random,classification,graphconv,mean-roc_auc_score,train,0.90102870782008404,valid,0.830878611833473,test,0.83237079432681593
tox21,random,classification,graphconv,mean-roc_auc_score,train,0.90856391226799305,valid,0.81089906691259561,test,0.8214029967117179
tox21,random,classification,weave,mean-roc_auc_score,train,0.86997626413179274,valid,0.8352670258621383,test,0.81371442866485211
tox21,random,classification,weave,mean-roc_auc_score,train,0.87781355101504088,valid,0.82894500004252125,test,0.83108321266116081
tox21,random,classification,weave,mean-roc_auc_score,train,0.87743319596953828,valid,0.81975696067254245,test,0.8152919672879797
bace_c,scaffold,classification,logreg,mean-roc_auc_score,train,0.9587842235312285,valid,0.72219312030731619,test,0.78960573476702511
bace_c,scaffold,classification,logreg,mean-roc_auc_score,train,0.95946814260815849,valid,0.71730399860310801,test,0.77007168458781361
bace_c,scaffold,classification,logreg,mean-roc_auc_score,train,0.96056296467888891,valid,0.71765322158198019,test,0.78297491039426526
bace_c,scaffold,classification,kernelsvm,mean-roc_auc_score,train,0.98645812650296727,valid,0.73947965776148084,test,0.8618279569892473
bace_c,scaffold,classification,kernelsvm,mean-roc_auc_score,train,0.98645812650296727,valid,0.73930504627204474,test,0.86218637992831537
bace_c,scaffold,classification,kernelsvm,mean-roc_auc_score,train,0.98646088424118084,valid,0.73947965776148084,test,0.8618279569892473
bace_c,scaffold,classification,irv,mean-roc_auc_score,train,0.88704442164714181,valid,0.71599441243233808,test,0.83799283154121862
bace_c,scaffold,classification,irv,mean-roc_auc_score,train,0.88710095528051713,valid,0.71433560328269596,test,0.83853046594982072
bace_c,scaffold,classification,irv,mean-roc_auc_score,train,0.88712991153175813,valid,0.71485943775100402,test,0.83844086021505382
bace_c,scaffold,classification,tf,mean-roc_auc_score,train,0.88224044167935223,valid,0.71782783307141607,test,0.82777777777777772
bace_c,scaffold,classification,tf,mean-roc_auc_score,train,0.82398873739713641,valid,0.6540946394272743,test,0.82831541218637983
bace_c,scaffold,classification,tf,mean-roc_auc_score,train,0.88241693692501155,valid,0.71730399860310812,test,0.81738351254480279
bace_c,scaffold,classification,tf_robust,mean-roc_auc_score,train,0.93192109559423741,valid,0.72638379605378034,test,0.83602150537634401
bace_c,scaffold,classification,tf_robust,mean-roc_auc_score,train,0.92990518896022234,valid,0.75065479308538496,test,0.82347670250896055
bace_c,scaffold,classification,tf_robust,mean-roc_auc_score,train,0.93056980386965815,valid,0.75833769862056921,test,0.82688172043010755
bace_c,scaffold,classification,graphconv,mean-roc_auc_score,train,0.61497562159419328,valid,0.56259821896280771,test,0.62419354838709684
sider,random,classification,logreg,mean-roc_auc_score,train,0.91782722586185717,valid,0.62579252032775468,test,0.64144214009685152
sider,random,classification,logreg,mean-roc_auc_score,train,0.91702042079700929,valid,0.65638628547068767,test,0.65461028244021136
sider,random,classification,logreg,mean-roc_auc_score,train,0.91802555749817072,valid,0.62403507356298116,test,0.63223680240041968
bace_c,scaffold,classification,graphconv,mean-roc_auc_score,train,0.50508457983100574,valid,0.51440544787847042,test,0.52365591397849465
muv,random,classification,logreg,mean-prc_auc_score,train,0.24672030453400307,valid,0.046868395682180146,test,0.077974468451711132
sider,random,classification,kernelsvm,mean-roc_auc_score,train,0.99588954571409116,valid,0.6212249863827124,test,0.69589931207236544
bace_c,scaffold,classification,graphconv,mean-roc_auc_score,train,0.83625791470867261,valid,0.58128164833246032,test,0.72329749103942653
muv,random,classification,logreg,mean-prc_auc_score,train,0.2415432168030118,valid,0.029632809057269682,test,0.071987106690605693
sider,random,classification,kernelsvm,mean-roc_auc_score,train,0.95908834968202383,valid,0.68039617293657129,test,0.68015340630996401
muv,random,classification,logreg,mean-prc_auc_score,train,0.22663537267393805,valid,0.032569585588258738,test,0.059591378649825638
sider,random,classification,kernelsvm,mean-roc_auc_score,train,0.99640900307507663,valid,0.66360933219754592,test,0.67005611492773554
sider,random,classification,xgb,mean-roc_auc_score,train,0.83766436539126987,valid,0.60346828957707577,test,0.68652538581749545
bace_c,scaffold,classification,weave,mean-roc_auc_score,train,0.47806288194674262,valid,0.429020429544264,test,0.52804659498207895
sider,random,classification,xgb,mean-roc_auc_score,train,0.85559081776068791,valid,0.65613609422024433,test,0.64626506237397041
muv,random,classification,kernelsvm,mean-prc_auc_score,train,0.94122164602963276,valid,0.12529452386786666,test,0.16727545421089035
bace_c,scaffold,classification,weave,mean-roc_auc_score,train,0.40732965451055658,valid,0.49336476340143182,test,0.33288530465949817
sider,random,classification,xgb,mean-roc_auc_score,train,0.86930930454222166,valid,0.67673388473008633,test,0.63408690663568568
muv,random,classification,kernelsvm,mean-prc_auc_score,train,0.88245830497228428,valid,0.069056090028161349,test,0.14143789838310383
bace_c,scaffold,classification,weave,mean-roc_auc_score,train,0.39137269177311534,valid,0.49943251265933297,test,0.33503584229390676
bbbp,scaffold,classification,logreg,mean-roc_auc_score,train,0.98602973271368777,valid,0.96139258971117381,test,0.7003623879458325
bbbp,scaffold,classification,logreg,mean-roc_auc_score,train,0.98802475158548786,valid,0.9575999222016921,test,0.69940873545679949
bbbp,scaffold,classification,logreg,mean-roc_auc_score,train,0.98543661899504453,valid,0.95536322084994652,test,0.69654777798970058
bbbp,scaffold,classification,kernelsvm,mean-roc_auc_score,train,0.99501116902457176,valid,0.9644072741417874,test,0.72897196261682229
bbbp,scaffold,classification,kernelsvm,mean-roc_auc_score,train,0.99501116902457176,valid,0.9644072741417874,test,0.72897196261682229
bbbp,scaffold,classification,kernelsvm,mean-roc_auc_score,train,0.99501116902457176,valid,0.9644072741417874,test,0.72897196261682229
bbbp,scaffold,classification,irv,mean-roc_auc_score,train,0.91520142758107181,valid,0.96358066712049006,test,0.6996948312035095
bbbp,scaffold,classification,irv,mean-roc_auc_score,train,0.91520527896885517,valid,0.96362929106291939,test,0.69974251382796104
bbbp,scaffold,classification,irv,mean-roc_auc_score,train,0.9151924410095772,valid,0.96362929106291939,test,0.69974251382796104
bbbp,scaffold,classification,tf,mean-roc_auc_score,train,0.88887590828561902,valid,0.95244578430419136,test,0.69330535952698835
bbbp,scaffold,classification,tf,mean-roc_auc_score,train,0.90949110329422034,valid,0.9555577166196636,test,0.68367346938775508
bbbp,scaffold,classification,tf,mean-roc_auc_score,train,0.92696356587156903,valid,0.95662744335310701,test,0.68710661834827391
bbbp,scaffold,classification,tf_robust,mean-roc_auc_score,train,0.94974195701851238,valid,0.96265681221433441,test,0.70579820713332064
bbbp,scaffold,classification,tf_robust,mean-roc_auc_score,train,0.95500038513877827,valid,0.95691918700768264,test,0.69473583826053786
bbbp,scaffold,classification,tf_robust,mean-roc_auc_score,train,0.94460420571545956,valid,0.96100359817173975,test,0.70570284188441734
bbbp,scaffold,classification,graphconv,mean-roc_auc_score,train,0.95769956607697637,valid,0.94486044928522805,test,0.69683387373641037
bbbp,scaffold,classification,graphconv,mean-roc_auc_score,train,0.95101484068092534,valid,0.94097053389088781,test,0.69387755102040816
bbbp,scaffold,classification,graphconv,mean-roc_auc_score,train,0.95846278275605312,valid,0.9432072352426335,test,0.68052641617394616
muv,random,classification,kernelsvm,mean-prc_auc_score,train,0.94122876474939876,valid,0.14423215145959944,test,0.10100772284511988
bbbp,scaffold,classification,weave,mean-roc_auc_score,train,0.86649741957018511,valid,0.95212972867840129,test,0.65966526797634939
bbbp,scaffold,classification,weave,mean-roc_auc_score,train,0.88360207461421936,valid,0.95575221238938057,test,0.68698741178714473
bbbp,scaffold,classification,weave,mean-roc_auc_score,train,0.86769712686471356,valid,0.94634347952932019,test,0.6672468052641618
clintox,random,classification,logreg,mean-roc_auc_score,train,0.99074603958967822,valid,0.80571120689655173,test,0.74642857142857144
clintox,random,classification,logreg,mean-roc_auc_score,train,0.98928696345345146,valid,0.68049736151925933,test,0.74158223573117188
clintox,random,classification,logreg,mean-roc_auc_score,train,0.99023507584822235,valid,0.7098214285714286,test,0.67667907631936419
clintox,random,classification,kernelsvm,mean-roc_auc_score,train,0.99326191261025587,valid,0.39030172413793096,test,0.67777777777777781
clintox,random,classification,kernelsvm,mean-roc_auc_score,train,0.99638150294293082,valid,0.71366122672307841,test,0.572386862546437
clintox,random,classification,kernelsvm,mean-roc_auc_score,train,0.9931773462807767,valid,0.73928571428571432,test,0.75594573292415024
hiv,scaffold,classification,logreg,mean-roc_auc_score,train,0.83022233575913695,valid,0.80542534597862525,test,0.7045468317994168
clintox,random,classification,xgb,mean-roc_auc_score,train,0.93045241291381864,valid,0.58392001915708813,test,0.77539682539682542
hiv,scaffold,classification,logreg,mean-roc_auc_score,train,0.83610703463545288,valid,0.78543738001776453,test,0.68346778775139194
clintox,random,classification,xgb,mean-roc_auc_score,train,0.91714059626527455,valid,0.73959517240347061,test,0.85604947652819996
hiv,scaffold,classification,logreg,mean-roc_auc_score,train,0.83696077926747048,valid,0.77309389415776053,test,0.71948263454910433
clintox,random,classification,xgb,mean-roc_auc_score,train,0.93113003630838087,valid,0.86294642857142856,test,0.76485301269473926
clintox,random,classification,rf,mean-roc_auc_score,train,0.99585376356650102,valid,0.79278615900383143,test,0.77083333333333326
clintox,random,classification,rf,mean-roc_auc_score,train,0.99686830090292777,valid,0.6924092746797319,test,0.6591586457277947
muv,random,classification,irv,mean-prc_auc_score,train,0.042478606125905587,valid,0.077044121362629114,test,0.078953037807691362
clintox,random,classification,rf,mean-roc_auc_score,train,0.99605920696449424,valid,0.57901785714285714,test,0.70901796045680943
clintox,random,classification,irv,mean-roc_auc_score,train,0.80454345004439121,valid,0.66183548850574714,test,0.80119047619047623
clintox,random,classification,irv,mean-roc_auc_score,train,0.79960593978872274,valid,0.80010876561011024,test,0.82017899358324886
clintox,random,classification,irv,mean-roc_auc_score,train,0.80650064432179913,valid,0.78303571428571428,test,0.68732622293773371
clintox,random,classification,tf,mean-roc_auc_score,train,0.91938152459435241,valid,0.49680316091954024,test,0.74563492063492065
clintox,random,classification,tf,mean-roc_auc_score,train,0.91599590458617042,valid,0.805956829698666,test,0.8412360688956434
clintox,random,classification,tf,mean-roc_auc_score,train,0.91486847863718512,valid,0.83125000000000004,test,0.74766480521876211
clintox,random,classification,tf_robust,mean-roc_auc_score,train,0.94553264200420239,valid,0.61015924329501914,test,0.78809523809523818
clintox,random,classification,tf_robust,mean-roc_auc_score,train,0.93841723641091135,valid,0.76611651890176669,test,0.88473488686254642
clintox,random,classification,tf_robust,mean-roc_auc_score,train,0.94505427344060355,valid,0.82499999999999996,test,0.80702570810484475
clintox,random,classification,graphconv,mean-roc_auc_score,train,0.95599109620820744,valid,0.94494133141762449,test,0.75357142857142856
clintox,random,classification,graphconv,mean-roc_auc_score,train,0.96418223601489039,valid,0.93540486917359755,test,0.82296943600135086
clintox,random,classification,graphconv,mean-roc_auc_score,train,0.96485047209820818,valid,0.87991071428571432,test,0.84307658768090421
clintox,random,classification,weave,mean-roc_auc_score,train,0.95406433784211364,valid,0.79965876436781613,test,0.79761904761904756
muv,random,classification,irv,mean-prc_auc_score,train,0.036463373312139502,valid,0.068684294406743743,test,0.11462921627523684
clintox,random,classification,weave,mean-roc_auc_score,train,0.93283566993445854,valid,0.91512307643694513,test,0.82882894292468756
clintox,random,classification,weave,mean-roc_auc_score,train,0.95730213527044494,valid,0.91116071428571421,test,0.87095470476765446
muv,random,classification,irv,mean-prc_auc_score,train,0.048801902635469852,valid,0.062009074069142356,test,0.066707838211162704
muv,random,classification,tf,mean-prc_auc_score,train,0.40089123309196695,valid,0.21741165328388873,test,0.1844836928843078
hiv,scaffold,classification,kernelsvm,mean-roc_auc_score,train,0.99938567723047389,valid,0.8367453654623076,test,0.79166761352876569
muv,random,classification,tf,mean-prc_auc_score,train,0.37936975878685386,valid,0.22270029750261361,test,0.16410954658135105
muv,random,classification,tf,mean-prc_auc_score,train,0.37596748523348333,valid,0.16447986560793468,test,0.20410306919290663
muv,random,classification,tf_robust,mean-prc_auc_score,train,0.34785429831229364,valid,0.20765912690705893,test,0.22711174958522423
muv,random,classification,tf_robust,mean-prc_auc_score,train,0.29900819294907999,valid,0.12156815634144713,test,0.10064909928571794
muv,random,classification,tf_robust,mean-prc_auc_score,train,0.30366173368220778,valid,0.16958165670348982,test,0.11631673812882613
hiv,scaffold,classification,kernelsvm,mean-roc_auc_score,train,0.99938567723047389,valid,0.8367453654623076,test,0.79167518842555773
muv,random,classification,graphconv,mean-prc_auc_score,train,0.048018233295911525,valid,0.026347060386523628,test,0.013950188777559816
hiv,scaffold,classification,kernelsvm,mean-roc_auc_score,train,0.99938567723047389,valid,0.8367453654623076,test,0.79167518842555773
hiv,scaffold,classification,irv,mean-roc_auc_score,train,0.84860238706326463,valid,0.81796653391020313,test,0.73689164110138994
hiv,scaffold,classification,irv,mean-roc_auc_score,train,0.84859665985055233,valid,0.81798229277098078,test,0.7369011097223801
hiv,scaffold,classification,irv,mean-roc_auc_score,train,0.8485938206153143,valid,0.81801524311624307,test,0.73690584403287507
hiv,scaffold,classification,tf,mean-roc_auc_score,train,0.74705570696518753,valid,0.68296180625196989,test,0.65654281710411699
muv,random,classification,graphconv,mean-prc_auc_score,train,0.044085971203454387,valid,0.018077989326461329,test,0.017170328650991051
hiv,scaffold,classification,tf,mean-roc_auc_score,train,0.7447145381712148,valid,0.7370462164407896,test,0.70809945839487931
hiv,scaffold,classification,tf,mean-roc_auc_score,train,0.76685708795945895,valid,0.71381479040715168,test,0.72885846305344093
hiv,scaffold,classification,tf_robust,mean-roc_auc_score,train,0.72314751842554004,valid,0.73223833127990612,test,0.66631064651744121
hiv,scaffold,classification,tf_robust,mean-roc_auc_score,train,0.72961284090807177,valid,0.70952838027563692,test,0.69436048933833272
hiv,scaffold,classification,tf_robust,mean-roc_auc_score,train,0.75516476996004311,valid,0.71393226555113043,test,0.71851494148392225
hiv,scaffold,classification,graphconv,mean-roc_auc_score,train,0.90026563543693117,valid,0.78802899630383072,test,0.77831307048441456
muv,random,classification,graphconv,mean-prc_auc_score,train,0.038666741469740189,valid,0.061738735259559072,test,0.015088540849746106
hiv,scaffold,classification,graphconv,mean-roc_auc_score,train,0.90177319623507168,valid,0.80786510415174351,test,0.76239253115176309
hiv,scaffold,classification,graphconv,mean-roc_auc_score,train,0.90730413614915284,valid,0.78124695567462255,test,0.7472900806726509
bace_c,scaffold,classification,xgb,mean-roc_auc_score,train,0.93276910009486613,valid,0.75554391478959326,test,0.85017921146953412
bace_c,scaffold,classification,xgb,mean-roc_auc_score,train,0.93276910009486613,valid,0.75554391478959326,test,0.85017921146953412
bace_c,scaffold,classification,xgb,mean-roc_auc_score,train,0.93276910009486613,valid,0.75554391478959326,test,0.85017921146953412
bace_c,scaffold,classification,rf,mean-roc_auc_score,train,0.99933400622145729,valid,0.72900296839532053,test,0.8588709677419355
bace_c,scaffold,classification,rf,mean-roc_auc_score,train,0.99928712467182912,valid,0.72385192945695831,test,0.86899641577060938
bace_c,scaffold,classification,rf,mean-roc_auc_score,train,0.99929815562468294,valid,0.73188405797101452,test,0.87374551971326164
bbbp,scaffold,classification,xgb,mean-roc_auc_score,train,0.98737001566231031,valid,0.95633569969853149,test,0.69607095174518396
bbbp,scaffold,classification,xgb,mean-roc_auc_score,train,0.98737001566231031,valid,0.95633569969853149,test,0.69607095174518396
bbbp,scaffold,classification,xgb,mean-roc_auc_score,train,0.98737001566231031,valid,0.95633569969853149,test,0.69607095174518396
bbbp,scaffold,classification,rf,mean-roc_auc_score,train,0.99970729452846174,valid,0.95740542643197513,test,0.7143810795346176
bbbp,scaffold,classification,rf,mean-roc_auc_score,train,0.9995635093845483,valid,0.95473110959836638,test,0.71433339691016595
bbbp,scaffold,classification,rf,mean-roc_auc_score,train,0.99964310473207174,valid,0.95477973354079548,test,0.71445260347129502
sider,random,classification,rf,mean-roc_auc_score,train,0.99999658519149148,valid,0.6443262746808881,test,0.68700618394918578
hiv,scaffold,classification,xgb,mean-roc_auc_score,train,0.94153857450796663,valid,0.84059052749204888,test,0.7556551338863009
sider,random,classification,rf,mean-roc_auc_score,train,0.99988585220785009,valid,0.66384468539556285,test,0.69068586603717197
hiv,scaffold,classification,xgb,mean-roc_auc_score,train,0.94153857450796663,valid,0.84059052749204888,test,0.7556551338863009
sider,random,classification,rf,mean-roc_auc_score,train,0.99993032116311598,valid,0.64045217121958165,test,0.67427640408733591
sider,random,classification,irv,mean-roc_auc_score,train,0.62722532883617343,valid,0.64174451588715886,test,0.65917662305107272
sider,random,classification,irv,mean-roc_auc_score,train,0.62398863343721278,valid,0.68932534389323841,test,0.64120226792605173
sider,random,classification,irv,mean-roc_auc_score,train,0.63153993293369037,valid,0.64121727419497077,test,0.61903629898461809
sider,random,classification,tf,mean-roc_auc_score,train,0.79298329121830402,valid,0.58668786846960608,test,0.68655340191302539
sider,random,classification,tf,mean-roc_auc_score,train,0.78127664466097646,valid,0.66400003676349484,test,0.6742856800980086
sider,random,classification,tf,mean-roc_auc_score,train,0.79452576834953048,valid,0.64461598909873308,test,0.6359777085780417
sider,random,classification,tf_robust,mean-roc_auc_score,train,0.85368477855740121,valid,0.60802801642416127,test,0.68956385064779169
sider,random,classification,tf_robust,mean-roc_auc_score,train,0.85233129798545459,valid,0.67700970735827459,test,0.68581502989219911
sider,random,classification,tf_robust,mean-roc_auc_score,train,0.85107569845768882,valid,0.64710192030499614,test,0.64475662400791389
sider,random,classification,graphconv,mean-roc_auc_score,train,0.74837445406436587,valid,0.58710005440751034,test,0.65240664138426729
sider,random,classification,graphconv,mean-roc_auc_score,train,0.73433195515205985,valid,0.62876188743467054,test,0.63225596259494998
sider,random,classification,graphconv,mean-roc_auc_score,train,0.7218698598811204,valid,0.60987873680256821,test,0.62960572330252829
pcba,random,classification,logreg,mean-prc_auc_score,train,0.16548236047504059,valid,0.12788448980270817,test,0.12570906762116554
sider,random,classification,weave,mean-roc_auc_score,train,0.64395596279166301,valid,0.55895344919369971,test,0.60755124068050903
sider,random,classification,weave,mean-roc_auc_score,train,0.63455615691119938,valid,0.62169425470865769,test,0.5540305694652512
sider,random,classification,weave,mean-roc_auc_score,train,0.66325341583334896,valid,0.59169824973674146,test,0.58106721280213391
hiv,scaffold,classification,xgb,mean-roc_auc_score,train,0.94153857450796663,valid,0.84059052749204888,test,0.7556551338863009
tox21,scaffold,classification,xgb,mean-roc_auc_score,train,0.9102403205132279,valid,0.71748771107452314,test,0.71217949199172847
pcba,random,classification,logreg,mean-prc_auc_score,train,0.16506309024403226,valid,0.12800682259380786,test,0.12966269498414495
tox21,scaffold,classification,xgb,mean-roc_auc_score,train,0.9102403205132279,valid,0.71748771107452314,test,0.71217949199172847
muv,random,classification,xgb,mean-prc_auc_score,train,0.17530555534965481,valid,0.12022966205909147,test,0.11199819080645905
pcba,random,classification,logreg,mean-prc_auc_score,train,0.16739182922804474,valid,0.13432853133276521,test,0.1317512283291552
muv,random,classification,xgb,mean-prc_auc_score,train,0.16228942877985453,valid,0.062738840432123313,test,0.095832224140624783
tox21,scaffold,classification,xgb,mean-roc_auc_score,train,0.9102403205132279,valid,0.71748771107452314,test,0.71217949199172847
muv,random,classification,xgb,mean-prc_auc_score,train,0.14007385554938884,valid,0.013995997507399438,test,0.048765243710436668
hiv,scaffold,classification,weave,mean-roc_auc_score,train,0.72179054067227633,valid,0.69608177416119887,test,0.6588455857288944
muv,random,classification,graphconv,mean-prc_auc_score,train,0.041412530682489512,valid,0.019303683662548997,test,0.010514491191597497
pcba,random,classification,tf,mean-prc_auc_score,train,0.098597415731284055,valid,0.097440181562104433,test,0.099683790233899852
hiv,scaffold,classification,weave,mean-roc_auc_score,train,0.72493949016986092,valid,0.75829202601644652,test,0.71507877892663707
muv,random,classification,graphconv,mean-prc_auc_score,train,0.035597457668770371,valid,0.050561646426192181,test,0.020189276174490445
pcba,random,classification,tf,mean-prc_auc_score,train,0.097816945741960232,valid,0.097804862520785282,test,0.094126692568718334
muv,random,classification,graphconv,mean-prc_auc_score,train,0.035787379444670822,valid,0.069294788467618038,test,0.012684641449522346
pcba,random,classification,tf,mean-prc_auc_score,train,0.10327113247052717,valid,0.097008017075852673,test,0.10533377907889387
hiv,scaffold,classification,weave,mean-roc_auc_score,train,0.72911169151740829,valid,0.77105168906335064,test,0.73432801196833708
delaney,random,regression,tf_regression,mean-rms_score,train,0.63276700885774984,valid,1.3270017593055039,test,1.2893111661450185
delaney,random,regression,tf_regression,mean-rms_score,train,0.54632513169373431,valid,1.1097679750807543,test,1.038640033231234
delaney,random,regression,tf_regression,mean-rms_score,train,0.58863026155921272,valid,1.0865431067512734,test,1.019584583537601
delaney,random,regression,graphconvreg,mean-rms_score,train,0.36820187566761103,valid,0.87932716273350153,test,0.9784728148124513
delaney,random,regression,graphconvreg,mean-rms_score,train,0.66077885951506021,valid,1.1347011598179548,test,0.9698833405987608
delaney,random,regression,graphconvreg,mean-rms_score,train,0.27531787750197517,valid,1.1278713531032887,test,0.97066587162268014
delaney,random,regression,weave_regression,mean-rms_score,train,0.3457221515702153,valid,0.60416515744409849,test,0.63130999141564248
delaney,random,regression,weave_regression,mean-rms_score,train,0.3684398245635726,valid,0.59046115012423761,test,0.54101047465115526
delaney,random,regression,weave_regression,mean-rms_score,train,0.29677420694868217,valid,0.52628760671915764,test,0.67157981428874003
delaney,random,regression,rf_regression,mean-rms_score,train,0.49164019568797362,valid,1.2764042289472386,test,1.2852210569944833
delaney,random,regression,rf_regression,mean-rms_score,train,0.51142629350619584,valid,1.2199963455895666,test,1.0180591981584182
qm7b,random,regression,tf_regression_ft,mean-mean_absolute_error,train,2.6143024888603605,valid,2.4703624159286304,test,2.6172860524476032
delaney,random,regression,rf_regression,mean-rms_score,train,0.51368892604199134,valid,0.99142628798946031,test,0.91793819741222116
sampl,random,regression,tf_regression,mean-rms_score,train,1.0108291393778075,valid,1.7267662246195781,test,1.7960748957184718
sampl,random,regression,tf_regression,mean-rms_score,train,1.1309271327288668,valid,1.7015859725719291,test,1.9390738827697214
sampl,random,regression,tf_regression,mean-rms_score,train,1.0826833047112456,valid,2.4237812132738581,test,1.8810777662825713
qm7,stratified,regression,rf_regression,mean-mean_absolute_error,train,47.158999082565124,valid,127.36192636568586,test,119.38986976672916
sampl,random,regression,graphconvreg,mean-rms_score,train,0.35341894223399462,valid,1.4669732439200136,test,1.5440041792281596
sampl,random,regression,graphconvreg,mean-rms_score,train,0.37383714384020139,valid,1.1760112553985145,test,1.2199102214650437
sampl,random,regression,graphconvreg,mean-rms_score,train,0.20518076457170956,valid,1.3977334708843363,test,1.4298565629041431
sampl,random,regression,weave_regression,mean-rms_score,train,0.35848593758754854,valid,1.1789870629711765,test,1.5396869374722808
sampl,random,regression,weave_regression,mean-rms_score,train,0.28880078068701348,valid,1.1117951740782921,test,1.0904826817335183
qm7b,random,regression,tf_regression_ft,mean-mean_absolute_error,train,3.7510478567620709,valid,3.8497652049860753,test,3.6235991733752759
sampl,random,regression,weave_regression,mean-rms_score,train,0.30626053636844797,valid,1.2746953503384666,test,1.0356033890127825
sampl,random,regression,rf_regression,mean-rms_score,train,0.82499721516532531,valid,1.6466132118277825,test,1.781549182728162
sampl,random,regression,rf_regression,mean-rms_score,train,0.81800027417928522,valid,1.8169108796658395,test,2.1931022277956789
sampl,random,regression,rf_regression,mean-rms_score,train,0.76281346553116691,valid,2.896964788397868,test,2.1211354023117068
lipo,random,regression,tf_regression,mean-rms_score,train,0.35458279640107393,valid,0.82420035260687208,test,0.87126025761350911
lipo,random,regression,tf_regression,mean-rms_score,train,0.45948370663448923,valid,0.90761502633916391,test,0.86027632401205201
lipo,random,regression,tf_regression,mean-rms_score,train,0.34097214303111339,valid,0.82484493203052234,test,0.84461412249758361
qm7,stratified,regression,rf_regression,mean-mean_absolute_error,train,47.026353877339872,valid,118.9541677356945,test,127.46289272970282
qm7b,random,regression,tf_regression_ft,mean-mean_absolute_error,train,2.4770959077238586,valid,2.3878459212445229,test,2.4208827093496872
qm7,stratified,regression,rf_regression,mean-mean_absolute_error,train,47.262455922640065,valid,125.73225858714277,test,121.18168948118876
qm7,stratified,regression,tf_regression,mean-mean_absolute_error,train,95.894485842915302,valid,117.09472730751949,test,113.6733027401953
lipo,random,regression,graphconvreg,mean-rms_score,train,0.47125346334652318,valid,0.65922835556574821,test,0.66919312494727368
qm7,stratified,regression,tf_regression,mean-mean_absolute_error,train,117.46987427745422,valid,130.44395754994616,test,141.67985499516431
qm7,stratified,regression,tf_regression,mean-mean_absolute_error,train,92.072596640609234,valid,117.6980773490076,test,115.87347560593251
lipo,random,regression,graphconvreg,mean-rms_score,train,0.4707332089953481,valid,0.7233308045217185,test,0.68215615771802962
qm7,stratified,regression,graphconvreg,mean-mean_absolute_error,train,71.657664653239763,valid,82.776245762966411,test,75.96530109865931
lipo,random,regression,graphconvreg,mean-rms_score,train,0.47097586806801378,valid,0.6504691597189487,test,0.6148794403943274
qm7,stratified,regression,graphconvreg,mean-mean_absolute_error,train,63.616262910192347,valid,66.325905463545098,test,77.728154401310604
qm7b,random,regression,dtnn,mean-mean_absolute_error,train,1.6524042765314439,valid,1.758694988525497,test,1.7930464071285075
lipo,random,regression,weave_regression,mean-rms_score,train,0.56472498809391736,valid,0.73940286230245156,test,0.74414840924703318
qm7,stratified,regression,graphconvreg,mean-mean_absolute_error,train,68.013502623953784,valid,84.600934780767929,test,80.124975806642013
qm7,stratified,regression,krr,mean-mean_absolute_error,train,65.819671185329781,valid,111.22294044355084,test,106.95307910267128
qm7,stratified,regression,krr,mean-mean_absolute_error,train,65.493311925640128,valid,102.07244522167643,test,115.6425525532614
qm7,stratified,regression,krr,mean-mean_absolute_error,train,65.164818413202951,valid,111.7004701728014,test,108.30478797535908
lipo,random,regression,weave_regression,mean-rms_score,train,0.49210660293426123,valid,0.74029536317030054,test,0.72400604084171327
qm7,stratified,regression,tf_regression_ft,mean-mean_absolute_error,train,12.244705564237098,valid,12.624584116456985,test,11.93863224835926
lipo,random,regression,weave_regression,mean-rms_score,train,0.58980103954660323,valid,0.72116555619716594,test,0.67632930099165167
qm7,stratified,regression,tf_regression_ft,mean-mean_absolute_error,train,10.261596951580284,valid,11.060970824168324,test,10.938123808353902
qm7,stratified,regression,tf_regression_ft,mean-mean_absolute_error,train,8.7536181169213876,valid,9.1990556792497422,test,9.4350937016638081
lipo,random,regression,rf_regression,mean-rms_score,train,0.31111378448730909,valid,0.81266573718299917,test,0.91664431309621608
qm7,stratified,regression,krr_ft,mean-mean_absolute_error,train,0.063600412707116361,valid,9.7790693620481512,test,9.9032359646445141
qm7,stratified,regression,krr_ft,mean-mean_absolute_error,train,0.063062853461721788,valid,10.006731852312075,test,10.307233284121333
qm7b,random,regression,dtnn,mean-mean_absolute_error,train,1.4514533619557668,valid,1.658306540059558,test,1.5386258126924905
qm7,stratified,regression,krr_ft,mean-mean_absolute_error,train,0.063913477941479432,valid,10.003179485329298,test,10.446154711035733
lipo,random,regression,rf_regression,mean-rms_score,train,0.32269544536882622,valid,0.815492542149306,test,0.83609363859125718
lipo,random,regression,rf_regression,mean-rms_score,train,0.3190650527242343,valid,0.87644622482697931,test,0.87391549559697446
qm7,stratified,regression,dtnn,mean-mean_absolute_error,train,12.640455595587321,valid,13.20765914003027,test,12.779459699892449
qm7b,random,regression,dtnn,mean-mean_absolute_error,train,1.8107524282076708,valid,1.9470239170774186,test,1.8808022646674376
qm7,stratified,regression,dtnn,mean-mean_absolute_error,train,6.1886676609620155,valid,6.9429278218636457,test,6.7215677426588423
qm7b,random,regression,krr_ft,mean-mean_absolute_error,train,0.011860201607556091,valid,1.0073901688348599,test,1.0975481598223713
qm7b,random,regression,krr_ft,mean-mean_absolute_error,train,0.011899869405114009,valid,1.1617692938139508,test,1.053475896055575
qm7b,random,regression,krr_ft,mean-mean_absolute_error,train,0.012182758666468547,valid,1.0684842979787756,test,0.98679191270461908
qm7,stratified,regression,dtnn,mean-mean_absolute_error,train,5.6915998848032645,valid,6.5247235010411515,test,6.7573352576304551
qm8,random,regression,tf_regression,mean-mean_absolute_error,train,0.0077337320164314622,valid,0.015344288604791085,test,0.01473018341391626
qm8,random,regression,tf_regression_ft,mean-mean_absolute_error,train,0.016178688074497405,valid,0.018274988954175331,test,0.018076832982626613
qm8,random,regression,tf_regression,mean-mean_absolute_error,train,0.0077776471189920683,valid,0.015414074761480314,test,0.014947889590993411
qm8,random,regression,dtnn,mean-mean_absolute_error,train,0.013885907057277411,valid,0.017052080290565028,test,0.016581727815025857
qm8,random,regression,tf_regression,mean-mean_absolute_error,train,0.0078376396330434896,valid,0.014586508081689891,test,0.014307797027367966
qm8,random,regression,tf_regression_ft,mean-mean_absolute_error,train,0.015523660972517487,valid,0.017331088586276779,test,0.017160495388435986
qm8,random,regression,dtnn,mean-mean_absolute_error,train,0.014206648038647868,valid,0.017566971707904486,test,0.017059450721843172
qm8,random,regression,tf_regression_ft,mean-mean_absolute_error,train,0.015451080399161926,valid,0.016875709518588081,test,0.01652487943099043
qm8,random,regression,dtnn,mean-mean_absolute_error,train,0.012421784102019509,valid,0.015800702283156307,test,0.015157096816749068
qm8,random,regression,graphconvreg,mean-mean_absolute_error,train,0.012264851554973543,valid,0.015065124754456333,test,0.015084342918432005
qm8,random,regression,graphconvreg,mean-mean_absolute_error,train,0.010954037262119144,valid,0.014067957046335143,test,0.01375830164218733
qm8,random,regression,krr_ft,mean-mean_absolute_error,train,0.00024431561851033973,valid,0.023615926021131751,test,0.023494353815095962
qm8,random,regression,graphconvreg,mean-mean_absolute_error,train,0.011833977274139013,valid,0.01448097624477418,test,0.013766997629939898
qm8,random,regression,krr_ft,mean-mean_absolute_error,train,0.00024383988261055475,valid,0.024105448479132346,test,0.023832989744734991
qm8,random,regression,krr_ft,mean-mean_absolute_error,train,0.00024442475304689495,valid,0.023684373874971167,test,0.022989347588684088
qm8,random,regression,krr,mean-mean_absolute_error,train,0.015027639808039693,valid,0.019737023319490527,test,0.01933661768792936
qm8,random,regression,krr,mean-mean_absolute_error,train,0.015032855737283836,valid,0.019666757983375159,test,0.01948140163465812
qm8,random,regression,krr,mean-mean_absolute_error,train,0.015167808772299639,valid,0.019054288148021289,test,0.018921304973457197
qm9,random,regression,tf_regression_ft,mean-mean_absolute_error,train,16.698625766641701,valid,16.010064092543448,test,16.168470424038244
qm9,random,regression,tf_regression_ft,mean-mean_absolute_error,train,12.556459974301214,valid,11.809848537644978,test,12.398584990007754
qm9,random,regression,tf_regression_ft,mean-mean_absolute_error,train,9.394712870770169,valid,8.6242401525383059,test,8.6232524995782853
delaney,random,regression,krr,mean-rms_score,train,0.36569962843723591,valid,1.8678332970295579,test,1.5803257968326121
delaney,random,regression,krr,mean-rms_score,train,0.37981451038108316,valid,1.5785859695938538,test,1.4706941896891925
delaney,random,regression,krr,mean-rms_score,train,0.38529174319665704,valid,1.5061484608442675,test,1.5473160588795551
sampl,random,regression,krr,mean-rms_score,train,0.26963491268978457,valid,2.0889256530638973,test,2.1945583866604395
sampl,random,regression,krr,mean-rms_score,train,0.32083206708003226,valid,1.9905679349859928,test,2.0766164651200438
sampl,random,regression,krr,mean-rms_score,train,0.33063201556667016,valid,2.2227741676925317,test,2.072389453368952
lipo,random,regression,krr,mean-rms_score,train,0.17769851027494896,valid,0.8857128495871549,test,0.9439026792752323
lipo,random,regression,krr,mean-rms_score,train,0.18174600902327734,valid,0.88240197189368486,test,0.8574814034525875
lipo,random,regression,krr,mean-rms_score,train,0.17983725759318864,valid,0.90001887531504932,test,0.8946993511563277
delaney,random,regression,dag_regression,mean-rms_score,train,0.29151379883829137,valid,0.78247447634391076,test,0.7536070346709588
delaney,random,regression,dag_regression,mean-rms_score,train,0.33965425811417388,valid,0.7255350080144719,test,0.80408528063222895
qm7,stratified,regression,ani,mean-mean_absolute_error,train,24.9283,valid,27.4957,test,28.5103
delaney,random,regression,dag_regression,mean-rms_score,train,0.34089976206167244,valid,0.71653317236147307,test,0.90758081554947523
sampl,random,regression,dag_regression,mean-rms_score,train,0.16597936578904496,valid,1.3128821235647858,test,1.4816566337703008
sampl,random,regression,dag_regression,mean-rms_score,train,1.015612996024448,valid,1.5179382812882938,test,1.8358125234534908
sampl,random,regression,dag_regression,mean-rms_score,train,0.28698940398656214,valid,1.6011084340643789,test,1.5849132104038577
qm7,stratified,regression,ani,mean-mean_absolute_error,train,25.8198,valid,29.047,test,27.7895
qm7,stratified,regression,ani,mean-mean_absolute_error,train,23.4727,valid,26.6206,test,27.1895
qm9,random,regression,tf_regression,mean-mean_absolute_error,train,19.571358480312554,valid,21.815120836109141,test,21.056820048679469
qm9,random,regression,tf_regression,mean-mean_absolute_error,train,19.435233484606204,valid,19.731909803329515,test,20.074917427542243
qm9,random,regression,tf_regression,mean-mean_absolute_error,train,21.451370544672457,valid,21.693380190808213,test,21.782669971883504
qm8,random,regression,ani,mean-mean_absolute_error,train,0.12686993003228131,valid,0.1271496692598208,test,0.12731484703418217
qm9,random,regression,graphconvreg,mean-mean_absolute_error,train,22.778437613479419,valid,22.394898970044846,test,22.75582527950959
