smiles,zinc_id,mwt,logp,reactive,purchasable,tranche_name
CCN(CCSC)C(=O)N[C@@](C)(CC)C(F)(F)F,ZINC000933510105,286.363,3.112,0,20,CGAD
CC1(C)CN(C(=O)Nc2cc3ccccc3nn2)C[C@@]2(CCOC2)O1,ZINC000888615590,342.399,2.432,0,20,EEAD
CC[C@H](NC(C)=O)C(=O)NCC1(NC(=O)Cc2nonc2C)CC1,ZINC001432326999,337.38,-0.4,0,20,EBAD
O=C(N[C@@H]1CC[C@H](F)C1)[C@H]1C[C@@H]1c1ccc2c(c1)OCCO2,ZINC000345651486,305.349,2.568,0,20,DFAD
COCC(=O)N(C)CC(=O)NCC1(Nc2nccn3nnnc23)CC1,ZINC001110378235,348.367,-1.315,0,20,EAAD
C[C@H](C[C@H](C)N)NC(=O)C(=O)NCCCN1C(=O)CNC1=O,ZINC001327056365,313.358,-1.714,0,20,DAAD
CC(C)(C(N)=O)C(=O)N[C@@H]1CN([C@H]2CCNC2=O)C[C@H]1O,ZINC001193940832,298.343,-2.452,0,20,CAAD
Cc1ccc(C(=O)N2CC[C@@H]2CNC(=O)[C@H]2[C@@H]3COC[C@@H]32)cc1,ZINC000951655579,314.385,1.218,0,20,DDAD
COc1ccc(C(=O)NCC2(NCC=C(C)C)CCC2)cc1,ZINC001754991192,302.418,2.904,0,20,DFAD
CCNC(=O)CC(=O)NC[C@@H](CO)N[C@@H](C)c1nncn1C,ZINC001755626142,312.374,-1.531,0,20,DAAD
CCn1nncc1CN1C[C@@H](O)[C@H](NC(=O)C2=COCCC2)C1,ZINC001076791954,321.381,-0.34600000000000003,0,20,DBAD
CN(C)C(=O)CN1C[C@@H]2COC[C@H](C1)N2C(=O)[C@@H]1CCCOC1,ZINC001271494958,325.409,-0.5870000000000001,0,20,EBAD
O=C(O)CC1(C(=O)NCCc2ccccc2O)CCOCC1,ZINC000663039167,307.346,1.3219999999999998,0,20,DDAD
CCCC(=O)N1CC(N2C[C@H](NC(=O)[C@@H]3CC34CC4)CC2=O)C1,ZINC000995507333,319.405,0.515,0,20,DCAD
CC[C@@H]1CN(C(=O)N[C@@H]2CCCc3c2cnn3C)[C@@H](C)CO1,ZINC000650679373,306.41,2.006,0,20,DEAD
O=C(Cc1nc2ncccn2n1)NC1CCN(Cc2ccon2)CC1,ZINC001004137848,341.375,0.436,0,20,ECAD
O=C(O)c1cc(S(=O)(=O)NC2CC3(CCC3)C2)on1,ZINC000700051447,286.309,0.984,0,20,CCAD
CCc1nnc(CN2C[C@H]3OCCN(C(=O)CNC(C)=O)[C@H]3C2)o1,ZINC001217212233,337.38,-0.82,0,20,EBAD
CCCOc1ccc(C(=O)NCCc2n[nH]c(C)n2)cc1OCCC,ZINC000264328442,346.431,2.6630000000000003,0,20,EFAD
O=C(NCCN1CCNC(=O)C1)NCc1ccc2c(c1)CCO2,ZINC000541903791,318.377,-0.14800000000000002,0,20,DBAD
C[C@H](NC(=O)N1CC[C@@H](c2ccccc2)C1)c1ccn(C)n1,ZINC000334796075,298.39,2.68,0,20,CFAD
C[C@@H]1C[C@H](NC(=O)c2cn(C)nn2)CCN1CC(=O)N(C)C,ZINC000947261538,308.386,-0.514,0,20,DBAD
Cc1cnc(COCC(=O)N2CC(NC(=O)CCn3cncn3)C2)o1,ZINC001415975466,348.36300000000006,-0.4920000000000001,0,20,EBAD
Cc1coc(C(=O)N2CCCC[C@H]2[C@H]2CCCN2CC(=O)N(C)C)c1,ZINC001025258843,347.459,2.135,0,20,EEAD
Cn1nc(C(=O)NCCCNCCO)cc1C(F)(F)F,ZINC001158839641,294.277,0.141,0,20,CCAD
CN1C[C@@H]2C[C@H]1CN2Cc1cccc2c1CCN2C(=O)OC(C)(C)C,ZINC001236977541,343.471,2.873,0,20,EFAD
COCCCN(C)CCNC(=O)C(=O)N1CCNC(=O)C1,ZINC000357586056,300.3590000000001,-1.971,0,20,DAAD
C[C@@H](O)CCCN1C[C@@H]2CCN(C(=O)COCc3ccncc3)[C@@H]2C1,ZINC001189543679,347.459,1.2919999999999998,0,20,EDAD
CCN1CC[C@H](NC(=O)C(=O)NC[C@H]2NC(C)(C)O[C@@H]2C)C1=O,ZINC001331955482,326.397,-1.047,0,20,EAAD
CCN1C[C@@H]2CCN(C(=O)c3cnn4cc(C)cnc34)[C@@H]2C1,ZINC001076308056,299.378,1.204,0,20,CDAD
N[C@@H]1NCN(C(=O)c2ccc(-n3cncn3)nc2)[C@H]2NCN[C@@H]21,ZINC001193700203,315.341,-2.205,0,20,DAAD
CNS(=O)(=O)CCNC(=O)N[C@@](C)(CO)C1CC1,ZINC000784668443,279.362,-1.004,0,20,CAAD
CCCC(=O)N[C@H]1CN(C(=O)c2cnc3n2CCC3)C[C@@H]1C,ZINC001072358519,304.394,1.206,0,20,DDAD
N[C@H](Cc1cn(CCc2cccnc2)nn1)C(=O)O,ZINC000157734251,261.285,-0.13,0,20,CBAD
CN[C@H]1C[C@H]2CC[C@H]1N2C(=O)c1ccccc1CN1CCCCC1,ZINC001275457983,327.472,2.637,0,20,EFAD
COc1ncc(C(=O)N[C@H]2CCN(Cc3cncn3C)C[C@@H]2O)cn1,ZINC001090698402,346.391,-0.416,0,20,EBAD
CN1C[C@H](C(=O)N2C[C@H]3CC[C@@H](C2)N3C(=O)C(N)=O)CC1=O,ZINC000969797459,308.338,-1.848,0,20,DAAD
COc1ccc(C[C@@H](C)C(=O)Nc2ccc(OCCO)cc2)cc1,ZINC000089197910,329.396,2.884,0,20,EFAD
Cc1c(C(=O)N(C)C[C@H]2C[C@@H](O)C2)oc2c1c(C)ccc2C,ZINC000629260833,301.386,3.201,0,20,DGAD
CCCCOCC(=O)OC[C@H]1CCCC[C@@H]1C(=O)OC,ZINC000909020792,286.368,2.326,0,20,CEAD
C[C@@]1(C(=O)O)CN(S(=O)(=O)c2cccc(CC#N)c2)CCO1,ZINC001776508131,324.358,0.617,30,20,DCED
COCc1nc(CN2C[C@H](N3CCCC3)C[C@H]2C)cs1,ZINC000352805110,295.452,2.3480000000000003,0,20,CEAD
C=CCNN=Cc1cccc(O[C@H](C(=O)O)c2ccccc2)c1,ZINC001776059111,310.353,3.0010000000000003,30,20,DGED
O=C([C@@H]1CCCO1)N1CCC[C@@H]1CNCc1cnsn1,ZINC001034852513,296.396,0.7979999999999999,0,20,CCAD
COCCNC[C@@H]1CN(C(=O)c2scnc2Cl)C[C@H]1C,ZINC001106988634,317.842,1.741,0,20,DDAD
Cc1nnccc1C(=O)N1CC[C@H](NC(=O)[C@@H](C)n2cncn2)C1,ZINC000937848992,329.3640000000001,-0.032,0,20,EBAD
CCCCCCNCC1CCN(C(=O)[C@@H](C2CC2)N(C)C)CC1,ZINC001205461840,323.525,2.735,0,20,DFAD
CCOC(C)(C)C(=O)N1CCCC[C@H]([C@H]2CCOC2)C1,ZINC001551169029,283.4120000000001,2.467,0,20,CEAD
CNCc1cccc(NCc2ccc(F)c(C)c2)c1,ZINC000414868632,258.34,3.466,0,20,CGAD
C=CCNC(=O)CN1C[C@@H](NC(=O)COC)[C@@H](n2ccnn2)C1,ZINC001128622208,322.369,-1.432,30,20,DAED
C#Cc1cncc(C(=O)N[C@@H]2CN(CC(N)=O)C[C@H]2OC)c1,ZINC001082116903,302.334,-1.023,30,20,DAED
CCOC(=O)N1CCN(C(=O)CN2C[C@H](O)[C@@H](O)C2)CC1,ZINC000859449743,301.343,-1.676,0,20,DAAD
CC1(N)CCN(C2CCN(C(=O)c3ccc(C#N)cc3)CC2)CC1,ZINC001173425187,326.444,1.976,30,20,EDED
C=CC[C@H]1CCCN(C(=O)C(=O)Nc2c(C)noc2C2CC2)C1,ZINC000658434855,317.389,2.614,30,20,DFED
O=C(Cn1ccccc1=O)NCc1cccc(O)n1,ZINC001320683061,259.265,0.265,0,20,CCAD
C[C@@H](NC(=O)NC1CC(C)(F)C1)c1cccnc1,ZINC000334571408,251.305,2.332,0,20,CEAD
CO[C@H](CNC(=O)Nc1nnn(C(C)C)n1)CC(C)C,ZINC000933455488,284.3640000000001,1.4369999999999998,0,20,CDAD
CC(=O)NC1CC(CNC(=O)c2cnc3[nH]nnc3c2)C1,ZINC000992195185,288.311,-0.003,0,20,CBAD
COc1ccc2c(c1)C[C@H](C(=O)N1CCOCC13CC3)CO2,ZINC000338527306,303.358,1.638,0,20,DDAD
CCOCCOCC(=O)N1CC[C@@H](N[C@@H](C)c2nnnn2C)C1,ZINC001188180022,326.401,-0.485,0,20,EBAD
CC(C)n1ccc(C(=O)N[C@H](C)CN(C)C(=O)c2ccn(C)n2)n1,ZINC001425085307,332.408,1.088,0,20,EDAD
CCN1CCOC[C@H]1C(=O)NC[C@H](O)CN(C)C(=O)c1cn[nH]c1,ZINC001370960810,339.396,-1.321,0,20,EAAD
CC(C)c1cccc(O[C@@H](C)C(=O)N2CCN(C(=O)N(C)C)CC2)c1,ZINC000549974262,347.459,2.403,0,20,EEAD
Cc1nc2ccccc2n1CC(=O)N[C@@H]1CC[C@@H](CNCC2CC2)C1,ZINC000994958124,340.471,2.629,0,20,EFAD
C[C@@H](CN1CCOCC1)C(=O)N1CC[C@@H](N(C)CC#N)C1,ZINC000980412448,294.399,0.011,30,20,CCED
Cc1nc([C@H]2CN(C(=O)[C@@H](N)C(F)(F)F)CCO2)n[nH]1,ZINC000353484563,293.249,-0.097,0,20,CBAD
CCOC1CCN(C(=O)NCCSc2ccc(C)cc2)CC1,ZINC000050096138,322.474,3.298,0,20,DGAD
C=C1CCN(c2nnc([C@@H]3C[C@@H]3C(C)(C)C)n2C)CC1,ZINC001338857142,274.41200000000003,3.1210000000000004,30,20,CGED
CC[C@@H]1CCN(C(=O)NCc2nc(Cc3ccccc3F)no2)[C@H]1C,ZINC001685261364,346.406,3.13,0,20,EGAD
Cc1ncc2n1C[C@@H](C(=O)N1CC[C@]3(CCN(CCCF)C3)C1)CC2,ZINC001041596426,348.466,2.0380000000000003,0,20,EEAD
C=C[C@@H](NCCC1Cc2ccccc2C1)C(=O)OC,ZINC000619703953,259.349,2.109,30,20,CEED
CO[C@@H](CNCCCNC(=O)c1sccc1C)C1CCC1,ZINC001154215067,310.463,2.5810000000000004,0,20,DFAD
O=C(c1ccc([N+](=O)[O-])[nH]1)N1CC[C@H]2CCCC[C@@H]2C1,ZINC001251141151,277.324,2.575,5,20,CFBD
CC1=C(C(=O)NCc2nc(O)n[nH]2)[C@@H](C)n2ncnc2N1C,ZINC000798973439,304.314,-0.297,0,20,DBAD
CCCn1nccc1C(=O)N[C@@H](C)[C@@H]1CCN(C(=O)CC)C1,ZINC000958980597,306.41,1.67,0,20,DDAD
C[C@H](CNC(=O)c1ccnc(O)c1)CNc1cccc(F)n1,ZINC001103910608,304.325,1.7990000000000002,0,20,DDAD
COCCCC(=O)OCC(=O)c1c(N)n(C)c(=O)n(C)c1=O,ZINC000051657660,313.31,-1.181,0,20,DAAD
Cn1nnc2cccc(C(=O)N[C@H]3C[C@H](NCCF)C3)c21,ZINC001021152890,291.33,0.7879999999999999,0,20,CCAD
C[C@@H](CC(=O)N(C)C1CC(C)(C)C1)c1ccncc1,ZINC000655337346,260.381,3.222,0,20,CGAD
CC(C)C[C@]1(C(=O)N[C@@H]2CCC[C@@H]2C(=O)O)CCNC1=O,ZINC001588860625,296.367,0.908,0,20,CCAD
CCC(=O)N[C@@H](C)CCNC(=O)c1cccc2c1CCCC2,ZINC001076664594,302.418,2.6,0,20,DFAD
CCCN[C@@H]1CCC[C@H](NC(=O)CN2CCNC(=O)C2)C1,ZINC000981267787,296.415,-0.155,0,20,CBAD
CCCCCCN(C)[C@H]1CCN(C(=O)COC[C@@H]2CCCO2)C1,ZINC001194522970,326.481,2.295,0,20,EEAD
COc1ccc(-c2cccn(Cc3ccc(F)cc3)c2=O)cc1N,ZINC001244896581,324.355,3.294,0,20,DGAD
C=CC(C)(C)C(=O)N1CC[C@H](CCNC(=O)C2(C(F)F)CC2)C1,ZINC001060068189,328.403,2.599,30,20,EFED
CC[C@@H](C)CC[C@@H](O)CC(=O)N(C)CCOc1ccccc1C,ZINC001136026932,321.461,3.41,0,20,DGAD
Cc1nocc1CN1CC[C@@H](NC(=O)[C@@H]2CNC(=O)N2)C1,ZINC001015634806,293.327,-0.645,0,20,CBAD
CC#CCNC(=O)C(=O)Nc1ccc(C(=O)NCC(=O)O)cc1,ZINC001602949213,317.301,-0.421,30,20,DBED
CC[C@H]1CC[C@H](C(=O)N[C@H]2C[C@@H](NC(=O)c3cc[nH]c3C)C2)CC1,ZINC000974001208,331.46,2.917,0,20,EFAD
CN(C[C@H]1COCCO1)C(=O)C(=O)N1CCO[C@H](C#N)C1,ZINC001328170566,297.311,-1.389,30,20,CAED
CC[C@H](O)CNC(=O)C[C@@H](C)c1ccc(F)cc1F,ZINC000292490101,271.307,2.346,0,20,CEAD
C[C@@H](CNCc1nnnn1C1CC1)N(C)C(=O)C1=COCCC1,ZINC001419656951,320.397,0.639,0,20,DCAD
Cc1cnc(CNCc2nc(C(C)(C)C)cs2)o1,ZINC000231651584,265.382,3.027,0,20,CGAD
CNC(=O)Cn1nc(NC(=O)[C@H]2OCC[C@H]2N)cc1C,ZINC001578560370,281.316,-1.008,0,20,CAAD
CC[C@H](CNC(C)=O)NC(=O)[C@@H](C)c1cnn(C)c1,ZINC001704619303,266.345,0.555,0,20,CCAD
CC[C@@H](NC(=O)CN1C(=O)CCc2ccccc21)[C@H](O)C(F)(F)F,ZINC000270826496,344.333,1.784,0,20,EDAD
CN(C)C(=O)c1cncc(-c2cccc(F)c2O)c1,ZINC001242351549,260.268,2.295,0,20,CEAD
C[C@H](NS(C)(=O)=O)C(=O)N1C[C@H]2COCC[C@@]2(C(=O)O)C1,ZINC001593347167,320.367,-1.126,0,20,DAAD
CC(C)n1cc(CN2CC(CNC(=O)[C@H]3[C@@H]4CCC[C@@H]43)C2)nn1,ZINC001031597645,317.437,1.453,0,20,DDAD
C[C@@H]1C[C@@H](C(=O)NCCN(CCO)C(=O)C(N)=O)CO1,ZINC001058646344,287.316,-2.166,0,20,CAAD
CC(=O)N(C)CC(=O)N1CCO[C@@H]2CN([C@H](C)c3ccccc3)C[C@@H]21,ZINC001217316257,345.4430000000001,1.138,0,20,EDAD
C[C@@H]1CC(C(=O)N2CCC(NC(=O)c3ccccn3)CC2)C[C@@H](C)C1,ZINC000368005773,343.471,2.875,0,20,EFAD
O=C(C[C@@H]1COC(=O)C1)N1C[C@@H](NC(=O)c2cnsn2)[C@@H](O)C1,ZINC000961715860,340.361,-1.207,0,20,EAAD
CC[C@@H](C(N)=O)N1CC(O)(CNC(=O)c2cc(C(N)=O)cs2)C1,ZINC001421505319,340.405,-1.113,0,20,EAAD
CNC(=O)C(=O)N1CCn2c(C(=O)NCC(F)F)cnc2C1,ZINC001271441779,315.28,-1.034,0,20,DAAD
Cc1nn[nH]c1C(=O)N1C[C@H](C)[C@H](CNC(=O)CS(C)(=O)=O)C1,ZINC001053127275,343.409,-1.018,0,20,EAAD
COCc1sccc1C(=O)NC[C@H](C)C(=O)O,ZINC000630137930,257.311,1.345,0,20,CDAD
Cn1cc(C(=O)N[C@H](CO)c2cccnc2)c(=O)n(C)c1=O,ZINC001362900499,304.306,-1.058,0,20,DAAD
CCc1ccc(S(=O)(=O)N2CCC[C@@](C)(O)CC2)cc1,ZINC000230371036,297.42,2.175,0,20,CEAD
Cc1nc(C(C)C)ncc1C(=O)NCC[C@@H]1CCO[C@@H](C)C1,ZINC000879453046,305.422,2.843,0,20,DFAD
CN(C[C@H]1COCCO1)C(=O)C(=O)N[C@@H]1CCC(=O)N(C)C1=O,ZINC001334227239,327.337,-1.876,0,20,EAAD
C[C@H](O)CN1CC[C@H](N(C)C(=O)c2ccc(C(N)=O)[nH]2)C1,ZINC001033425921,294.355,-0.359,0,20,CBAD
Cc1ccc(-c2nc(C(C)C)nc(N(C)C)n2)cc1CO,ZINC001242383849,286.379,2.529,0,20,CFAD
COc1ccccc1C1(C(=O)N2CCSCC2)CCCCC1,ZINC000559074551,319.47,3.4730000000000003,0,20,DGAD
C#Cc1cccnc1N1C[C@H]2CCC[C@]2(NC(=O)OC(C)(C)C)C1,ZINC000856793239,327.428,2.947,30,20,EFED
CCC(CC)c1cc(C(=O)NC2CN([C@H](C)C(N)=O)C2)on1,ZINC001031064843,308.382,0.866,0,20,DCAD
CN(C)C1(CNC(=O)N[C@H]2CCCN3CCCC[C@@H]23)CCCCC1,ZINC000654349129,336.524,2.567,0,20,EFAD
O=C(N[C@H]1CCc2ccccc21)[C@@H]1CC12CCNCC2,ZINC000070252818,270.376,2.18,0,20,CEAD
CCn1c(N)c(C(=O)CN(C)[C@H](C)CC#N)c(=O)[nH]c1=O,ZINC000156916574,293.327,-0.445,30,20,CBED
Cc1nnc(CN2CC[C@H](NC(=O)c3ccnnc3)C2)s1,ZINC001015748249,304.379,0.6409999999999999,0,20,DCAD
Cc1cc(C(=O)OCc2c(F)cccc2F)nn1C(C)C,ZINC000835276250,294.301,3.408,0,20,CGAD
O=C(NCC1CCNCC1)[C@@H]1C[C@]12CCCNC2,ZINC000655411367,251.374,0.4920000000000001,0,20,CCAD
CCOC(=O)N1CC[C@@H](NC(=S)Nc2ccc(F)cc2)C1,ZINC000495382219,311.382,2.343,0,20,DEAD
CC(C)(F)C(=O)N[C@H]1C[C@H](NC(=O)[C@]23C[C@@H]2CCCC3)C1,ZINC000972891431,296.386,2.0780000000000003,0,20,CEAD
CCN1C[C@@H]2CCN(C(=O)Cn3ncn(C)c3=O)CC[C@@H]2C1,ZINC000946653957,307.398,-0.228,0,20,DBAD
CC1(C)CN(C(=O)c2ccccc2[N+](=O)[O-])C1(C)C,ZINC001116183754,262.309,2.855,5,20,CFBD
Cc1cnc(CN2CC3(C[C@@H]3C(=O)N3CC=CC3)C2)s1,ZINC001277086128,289.404,1.672,0,20,CDAD
COCC(=O)NCC1(O)CN(C(=O)c2cn[nH]c2)C1,ZINC001041151839,268.273,-1.641,0,20,CAAD
CCC(=O)N1C[C@H]2C[C@@H]3CN(Cc4nc(N(C)C)no4)C[C@]2(C1)O3,ZINC001070741542,335.408,0.34700000000000003,0,20,ECAD
Cc1cc(Cl)c(O[C@@H](C)CN2CCOCC2)c(Cl)c1,ZINC001231222274,304.217,3.401,0,20,DGAD
CC(C)(C)OCCCCOC(=O)[C@H]1Cc2ccccc2O1,ZINC000789005192,292.375,3.129,0,20,CGAD
Cc1cc([C@@](C)(O)CNC(=S)N[C@H](C)c2cccs2)c(C)o1,ZINC000741483724,338.4980000000001,3.391,0,20,EGAD
Cc1c(C(=O)NC[C@H](O)CNC(=O)Cn2ncnn2)cnn1C,ZINC001376496630,322.329,-2.378,0,20,DAAD
COc1cc(Cl)ccc1C(=O)NC[C@@H](O)CC(C)(C)C,ZINC000172306277,299.798,2.8760000000000003,0,20,CFAD
C[C@@H](NC(=O)OC(C)(C)C)[C@@H]1CCN(Cc2cnn(C)c2)C1,ZINC000495069532,308.426,2.155,0,20,DEAD
CCCC(=O)N1CCC[C@H](N(C)C(=O)c2ccncc2CC)CC1,ZINC000967596855,331.46,2.897,0,20,EFAD
Cc1cc(C(=O)N[C@H]2CC[C@@H](CNC(=O)c3cccc(F)c3)C2)n[nH]1,ZINC001015354481,344.39,2.186,0,20,EEAD
CO[C@@H]1CS(=O)(=O)C[C@H]1NC(=O)C(=O)NC[C@@H]1CCCN1,ZINC000659715262,319.383,-2.217,0,20,DAAD
C[C@@H](NS(=O)(=O)c1ccccc1)c1nc(C2CCC2)no1,ZINC000634666383,307.375,2.377,0,20,DEAD
N#CCCN(CCC#N)S(=O)(=O)c1cc(Cl)c(O)c(Cl)c1,ZINC001260874530,348.211,2.517,30,20,EFED
NC(=O)c1csc(CNC(=O)C2=NN(CCO)C(=O)CC2)n1,ZINC000855873039,325.35,-1.171,0,20,EAAD
C#CCN[C@@H](C)[C@H]1CN(C(=O)Cc2cnoc2)CCO1,ZINC001755445608,277.324,0.056,30,20,CCED
Cc1ccc(CN[C@H](c2cccs2)c2nc[nH]n2)cc1,ZINC000340178982,284.388,3.054,0,20,CGAD
C[C@@H]1CN(C(=O)c2cccc(NC(=O)N(C)C)c2)C[C@H]1CO,ZINC000191824018,305.378,1.481,0,20,DDAD
Cc1cnn(CC(=O)N(C)C[C@H](O)CNC(=O)c2nocc2C)c1,ZINC001382939935,335.3640000000001,-0.263,0,20,EBAD
CCc1c[nH]c2ncnc(N3CC[C@H](OC)[C@H](C)C3)c12,ZINC000894064277,274.368,2.382,0,20,CEAD
COC(=O)[C@@H]1C[C@@H](C(=O)O)CCN1C(=O)CN(C)Cc1ccccc1,ZINC001610171849,348.399,0.983,0,20,ECAD
Nc1ncccc1CN1CCN2C(=O)C(=O)NC[C@H]2C1,ZINC000329669200,275.312,-1.194,0,20,CAAD
CCc1nn(C)cc1C(=O)N[C@H]1CCN([C@@H](C)C(=O)N(CC)CC)C1,ZINC001367009256,349.4790000000001,1.044,0,20,EDAD
Cc1cccc(C)c1CNC[C@@H]1CCCN1C(=O)c1ccc[nH]1,ZINC001044920043,311.4290000000001,3.026,0,20,DGAD
C#CCCN1CCC[C@@H]([C@H](C)NC(=O)c2n[nH]c3ccccc32)C1,ZINC001025616294,324.428,2.417,30,20,DEED
CN(C)c1nccc(CNCc2cn(Cc3ccccc3)nn2)n1,ZINC000893302114,323.404,1.472,0,20,DDAD
O=C([C@@H]1CCC(=O)C1)N1CCCCc2ccc([N+](=O)[O-])cc21,ZINC000912653466,302.33,2.633,5,20,DFBD
O=C(O)COCC(=O)N1CCC[C@H](c2nc(O)n[nH]2)C1,ZINC001602076387,284.272,-0.6829999999999999,0,20,CBAD
CC(C)N1CCC[C@@H]1C(=O)N1CC(NC(=O)c2cnsn2)C1,ZINC000990333423,323.422,0.35200000000000004,0,20,DCAD
CC(C)(F)C(=O)N1CC(CNC(=O)CCn2cnnn2)C1,ZINC001450686057,298.322,-0.614,0,20,CBAD
Cc1cc(Cl)cnc1NC(=O)[C@@H]1COc2ccccc21,ZINC000336086570,288.7340000000001,3.158,0,20,CGAD
CN(C)C(=O)[C@H]1CC[C@H](CNC(=O)N2CCN(C3CNC3)CC2)O1,ZINC001578397527,339.44,-1.079,0,20,EAAD
C[C@@H]1CCC[C@@](CNC(=O)C(=O)N2CCCC[C@H]2C)(N(C)C)C1,ZINC000343033283,323.481,2.014,0,20,DEAD
Cc1sccc1C(=O)NCCN(C(=O)C1[C@@H]2CCC[C@@H]12)C1CC1,ZINC001497436234,332.469,2.823,0,20,EFAD
CCOC(=O)CO/N=C(\C(=O)N/C(C)=C\C(C)=O)c1cc[nH]n1,ZINC001177263173,322.321,0.303,30,20,DCED
Cc1ccc(C)n1[C@@H](C)C(=O)NCCCNC(C)C,ZINC001176942211,265.401,2.17,0,20,CEAD
C[C@H](CN(C)[C@@H](C)c1ccc(F)c(Cl)c1)NC(=O)c1ccon1,ZINC001268725423,339.798,3.278,0,20,EGAD
Cc1nnc(N(C)C(=O)C2CCC(OC(F)F)CC2)s1,ZINC000427727468,305.35,2.607,0,20,DFAD
CC[C@@H](C#N)NC(=O)[C@@H](C)CCCc1ccccc1,ZINC000180158762,258.365,3.064,30,20,CGED
CN(CCNC(=O)CC1CC1)C(=O)Cn1cnc(C(N)=O)n1,ZINC001448685139,308.342,-1.248,0,20,DAAD
C[C@H](C(=O)N(C)[C@@H]1CCN(C(=O)CC2CCCCC2)C1)C1CCC1,ZINC000936539101,334.504,3.452,0,20,EGAD
C[C@@H](C(=O)NC[C@H]1C[C@@H](NC(=O)c2ncoc2C2CC2)C1)C1CC1,ZINC001396519751,331.416,2.2230000000000003,0,20,EEAD
Cc1cc(C)cc([C@@H]2CCN(CCCCC(=O)O)C2)c1,ZINC000575187974,275.392,3.3480000000000003,0,20,CGAD
O=C(NC1CN(C(=O)C2CC3(C2)NC(=O)NC3=O)C1)[C@H]1CC=CCC1,ZINC000990215450,346.38699999999994,-0.342,0,20,EBAD
C[C@H]1CN(C(=O)CCc2cnn[nH]2)C[C@H]1NC(=O)C1(CN(C)C)CC1,ZINC001072764293,348.451,0.042,0,20,ECAD
Cc1nnsc1CNC[C@@H]1C[C@H](C)N(C(=O)CC(N)=O)C1,ZINC000980448494,311.411,0.049,0,20,DCAD
O=C([C@H]1[C@@H]2COC[C@@H]21)N1C[C@@H]2CC[C@@H](C1)N2[C@H]1CCC(=O)NC1=O,ZINC001029430694,333.3880000000001,-0.6409999999999999,0,20,EBAD
Cn1ncc2cc(C(=O)NCCCCCN3CCCC3)cnc21,ZINC000563559916,315.421,1.964,0,20,DDAD
C/C=C/C[C@@H](CO)NC(=O)C(=O)Nc1ccc(OC)nc1C,ZINC000352490710,307.35,0.78,0,20,DCAD
C=CCc1cc(C)cc(OC)c1OCC(=O)NCC1CC1,ZINC000438292016,289.375,2.637,30,20,CFED
O=C(Cc1cncs1)N1CC[C@@]2(CCN(CCCC3CCC3)C2)C1,ZINC001041384640,347.528,3.19,0,20,EGAD
COc1cnc(NC(=O)NCC2(C#N)CC2)s1,ZINC000554370313,252.299,1.577,30,20,CDED
C=C1CCC(C(=O)N(CCOC)Cc2cccnc2)CC1,ZINC000888864852,288.391,2.803,30,20,CFED
O=C(O)[C@@H](O)CNC(=O)[C@@H]1COCCN1CC(F)(F)F,ZINC001608459703,300.233,-1.189,0,20,DAAD
CCSCc1ccnc(NC(=O)[C@H]2C[C@H]2C)c1,ZINC000153553804,250.367,2.929,0,20,CFAD
Cc1cnc(CN(C)[C@H]2CCCN(C(=O)C(C)(C)C3CCC3)C2)cn1,ZINC001027510536,344.5030000000001,3.034,0,20,EGAD
Cc1ccccc1[C@@H]1C[C@H]1C(=O)N(C)CCCN(C)C(=O)C1CCC1,ZINC001066592919,342.483,3.2060000000000004,0,20,EGAD
O=C(O)c1cn(CCNC(=O)CSC2CC2)nn1,ZINC001608355012,270.314,-0.012,0,20,CBAD
CC(C)(C)CC(=O)N[C@H]1CCN(CC(=O)NC(N)=O)C[C@@H]1O,ZINC001099671598,314.386,-0.831,0,20,DBAD
CC[C@H](C)NC(=O)[C@@H](C)N1CC(CNC(=O)c2cccn2C)C1,ZINC001421099996,320.437,0.99,0,20,DCAD
C=CCNC(=O)[C@@H](C#N)C(=O)c1c[nH]c(C(=O)OC)c1,ZINC000815908758,275.264,0.426,30,20,CCED
C[C@]1(NC(=O)Nc2ccnn2CC2CC2)CCOC1=O,ZINC001650506974,278.312,1.12,0,20,CDAD
CC(C)c1ccc(C(=O)N(C)C[C@H]2CCN2CCC2CC2)c(O)n1,ZINC001085858069,331.46,2.857,0,20,EFAD
CO[C@@H]([C@@H](C)N[C@@H](C)c1nc2c(s1)CCCC2)C1CC1,ZINC000453360079,294.464,3.486,0,20,CGAD
CCN(Cc1cccc(F)c1)C(=O)CNC(C)(C)CC(=O)O,ZINC000829722558,310.369,2.017,0,20,DEAD
CCOc1ccc(-c2ccc3nc[nH]c3n2)c(F)c1F,ZINC001241174562,275.258,3.302,0,20,CGAD
CCCc1ccc(CN[C@]2(C(=O)O)CC[C@@H]3C[C@H]32)cc1,ZINC001776832940,273.376,2.982,0,20,CFAD
CC[C@H](CC(C)C)C(=O)N/C=C/C(=O)C(F)(F)F,ZINC001181842609,265.275,2.82,30,20,CFED
C=C[C@@H]1OCC[C@H]1C(=O)N(CCc1ccc(F)cc1)C1CC1,ZINC000449921733,303.377,2.95,30,20,DFED
C[C@H](NCCN1C(=O)NC2(CCCC2)C1=O)c1ccc([N+](=O)[O-])cc1,ZINC000294952404,346.38699999999994,2.11,5,20,EEBD
C[C@H]1C(=O)NCCN1C(=O)Nc1cc(F)cc(F)c1Br,ZINC000190659395,348.147,2.08,0,20,EEAD
O=C(N[C@H]1CCn2cncc2C1)C1=CCCCCC1,ZINC000623303428,259.353,2.205,0,20,CEAD
C[C@H]1C(=O)CC[C@@H]1CC(=O)OCCN(C)c1ccccc1,ZINC000796230489,289.375,2.6710000000000003,0,20,CFAD
COc1cccc(CCNC(=O)Nc2cc(C)nn2C(C)(C)C)c1,ZINC000620423580,330.432,3.319,0,20,EGAD
O=C(CCn1cnnn1)N[C@@H]1CCN(CCOCC(F)F)C[C@H]1O,ZINC001100045785,348.3540000000001,-1.104,0,20,EAAD
CC(C)=CCN1C(=O)C[C@@]2(CCCN(Cc3cnc(C)n3C)C2)C1=O,ZINC001272772736,344.459,2.036,0,20,EEAD
CC1(C(=O)N2CC(NC(=O)[C@H]3CCC(=O)N3)C2)CCC1,ZINC000990500169,279.34,-0.218,0,20,CBAD
Cn1ncc(C(=O)N2CC3(C2)CCN(Cc2cnnn2C)C3)n1,ZINC001073056290,316.369,-0.708,0,20,DBAD
CCCn1nnnc1CN1CC[C@@H](NC(=O)CC(=O)NC)[C@H](O)C1,ZINC001099792374,339.4,-1.729,0,20,EAAD
CC(=O)N1CC(C(=O)NC2CCN(C(=O)c3cncnc3O)CC2)C1,ZINC000947168223,347.375,-0.619,0,20,EBAD
C[C@@H]1C[C@@H](CNC(=O)N2CC3CCC2CC3)[C@@H](C)O1,ZINC001117944500,266.385,2.384,0,20,CEAD
C=CCn1cc(C(=O)N2CC(O)(CNC(=O)c3[nH]nnc3C)C2)nn1,ZINC001044370639,346.351,-1.492,30,20,EAED
O=C(Cn1nccn1)NCC1(O)CN(C(=O)c2ccco2)C1,ZINC001043212016,305.2940000000001,-1.126,0,20,DAAD
O=C(N[C@H]1CC12CCCCC2)c1cc(F)ccc1F,ZINC000180638301,265.303,3.417,0,20,CGAD
NC(=O)[C@@H]1C[C@@H]1C(=O)N1CC(CNC(=O)[C@H]2CCOC2)C1,ZINC001001135680,295.339,-1.281,0,20,CAAD
COC[C@@H](NS(=O)(=O)C1CCCCC1)C1CC1,ZINC000441862934,261.387,1.664,0,20,CDAD
CC[C@@H](c1nnc(N(CCO)C2CC2)n1C1CC1)c1ccccc1,ZINC000565118022,326.444,3.116,0,20,EGAD
CC(=O)N1CCCC[C@@H]1[C@@H](C)NC(=O)c1c(C)onc1C1CC1,ZINC000953510064,319.405,2.38,0,20,DEAD
CO[C@@H](C)CN1CCCC[C@H]1CNC(=O)CC1(C)CC1,ZINC001370867699,282.428,2.182,0,20,CEAD
C=CC(C)(C)C(=O)NC1CCN(CC[C@@H]2CCCO2)CC1,ZINC001228631132,294.439,2.3480000000000003,30,20,CEED
C=C(C)CN(CC)C(=O)NCC1CCN(C(=O)OC(C)(C)C)CC1,ZINC000102027883,339.48,3.241,30,20,EGED
C#CCCCC(=O)N1C[C@H](O)[C@H](CNC(=O)c2cnnc(C)c2)C1,ZINC001081431908,330.3880000000001,0.138,30,20,ECED
Cc1cc(C(=O)NC[C@@H](O)CNC(=O)c2ccc(F)cc2C)n(C)n1,ZINC001389071308,348.3780000000001,0.6970000000000001,0,20,ECAD
O=C(Cn1cncn1)NC1CN(C(=O)C[C@@H]2COC(=O)C2)C1,ZINC001000102906,307.31,-1.442,0,20,DAAD
CN(C(=O)CC(N)=O)C1CC(Nc2nccnc2-c2nn[nH]n2)C1,ZINC001578864909,331.34,-1.067,0,20,EAAD
C=C(Cl)CN1CCO[C@H](CNC(=O)c2cccc(C3CC3)c2)C1,ZINC001035616789,334.847,2.747,30,20,EFED
O=C(N1C[C@@H]2C[C@]2(c2ccccc2)C1)C1(C(F)F)CCC1,ZINC000927321272,291.341,3.222,0,20,CGAD
C#Cc1cncc(C(=O)N[C@@H]2CCC[C@H]([S@@](C)=O)C2)c1,ZINC000857308784,290.388,1.482,30,20,CDED
COCCCN1CC[C@@H]2CN(C(=O)c3cccc4cc[nH]c43)[C@@H]2C1,ZINC001221823599,327.428,2.351,0,20,EEAD
CCOCCn1cc(C(=O)N[C@@H](CCO)C(F)(F)F)cn1,ZINC000857721553,309.288,0.963,0,20,DCAD
O=C(NCCCCCCO)Nc1ccc(N2CCCC2=O)cc1,ZINC000775970918,319.405,2.488,0,20,DEAD
C[C@@H]1CCC[C@@H]1NCC1CCN(CC(F)(F)F)CC1,ZINC000436414669,278.362,3.039,0,20,CGAD
O=C(CCOCC(F)F)N1CCOC[C@@H]1[C@@H]1CCCCC1=O,ZINC000365054265,319.348,1.645,0,20,DDAD
CN(C)C/C=C/C(=O)N(C)Cc1ccccc1F,ZINC000264626463,250.317,1.902,0,20,CDAD
C[C@H]1CN(C(=O)C(N)=O)C[C@@H]1NC(=O)CCn1cnnn1,ZINC001072639301,295.303,-2.488,0,20,CAAD
N#CCc1cc(C2=CCCN(Cc3ccccc3)C2)ccn1,ZINC001240386433,289.382,3.437,30,20,CGED
COCOc1ccc(-c2ccc(OC)nc2F)cc1,ZINC001243212958,263.268,2.879,0,20,CFAD
Cc1c[nH]nc1C(=O)N[C@H]1CN([C@@H](C)C(=O)N(C)C)CC1(C)C,ZINC000974582240,321.425,0.635,0,20,DCAD
CCC[C@@H](C)C(=O)N1CCC(CN(C)Cc2nocc2C)CC1,ZINC001753362024,321.465,3.09,0,20,DGAD
O=C(C#CC1CC1)NCC1CC(NCCCN2CCCC2=O)C1,ZINC001100316076,317.433,0.897,30,20,DCED
Cc1noc(C)c1[C@H](C)C(=O)N1Cc2cc(F)c(F)cc2C1,ZINC000654174834,306.312,3.216,0,20,DGAD
CC1(C)NC(=O)N(CCCNCCNC(=O)[C@@H]2CCCO2)C1=O,ZINC001123159834,326.397,-0.408,0,20,EBAD
Cc1ccc(C(=O)N[C@H]2C[C@@H](NC(=O)CC3CCC3)C2)s1,ZINC000973811614,306.431,2.624,0,20,DFAD
CO[C@@H](C(=O)NC[C@@H]1CCCCN1C(=O)c1cnon1)C1CCC1,ZINC001082244567,336.392,0.996,0,20,ECAD
C=CCCO[C@H](C)C(=O)N[C@H](C)CCNc1ncc(F)cn1,ZINC001106245622,310.373,1.904,30,20,DDED
Cc1noc([C@@H](C)N2CC(CNC(=O)c3nc[nH]c3C(C)(C)C)C2)n1,ZINC001031682632,346.435,1.821,0,20,EDAD
Cc1csc(CN2[C@@H]3CC[C@H]2[C@H](NC(=O)c2cc(F)c[nH]2)C3)n1,ZINC001097560067,334.42,2.454,0,20,EEAD
Cc1ccc(C(=O)NCCc2ccccc2OC(F)F)c(=O)[nH]1,ZINC000188712559,322.311,2.257,0,20,DEAD
COCC(=O)N(C)CC(=O)N1CC(CNC(=O)c2cnns2)C1,ZINC001416078811,341.3930000000001,-1.169,0,20,EAAD
COCCC(=O)N1CCC2(CN(C(=O)[C@H]3CC(=O)N(C)C3)C2)C1,ZINC001383606875,323.393,-0.438,0,20,DBAD
COCCNC(=O)c1ccc(NCC[C@@H]2CCCC[C@H]2C)nc1,ZINC000358229113,319.449,3.0860000000000003,0,20,DFAD
CCc1onc(C)c1CNCCNC(=O)[C@@H]1C[C@H]1c1ccnn1C,ZINC001131634440,331.42,1.288,0,20,EDAD
Cc1cccc(OCCNC(=O)N2CC[C@@](C)(F)C2)c1,ZINC000500251475,280.343,2.517,0,20,CFAD
C[C@@H](C(=O)N1CC([C@H](C)NC(=O)Cc2cnc[nH]2)C1)C1CCCC1,ZINC001383318073,332.4480000000001,1.742,0,20,EDAD
CNC(=O)CCCC(=O)NC[C@H](C)NC(=O)c1cnsn1,ZINC001408120899,313.383,-0.311,0,20,DBAD
CCC[C@H](CN1CCN2C(=O)NC(=O)[C@H]2C1)OC,ZINC000638915044,255.318,0.038,0,20,CCAD
C/C=C(\C)C(=O)N1CCC[C@H](NC(=O)c2c(C)cncc2C)CC1,ZINC000965013831,329.444,2.776,0,20,EFAD
NC(=O)NCC(=O)N1CC(O)(CNC(=O)c2ccc[nH]2)C1,ZINC001041438768,295.2990000000001,-2.014,0,20,CAAD
CCn1ncc(C(=O)N[C@@H]2CN([C@H](C)c3ncccn3)C[C@H]2O)n1,ZINC001076967894,331.38,-0.376,0,20,EBAD
O=C1C[C@H]2C[C@H](N[C@H]3C(=O)NC(=O)NC3=S)C[C@H]2C1,ZINC001254936335,281.337,-0.131,0,20,CBAD
Cc1cc(Nc2ccc3c(c2)OC(F)(F)O3)cnc1N1CCNCC1,ZINC001159496053,348.353,2.865,0,20,EFAD
NC(=O)c1ccc(C(=O)N[C@H]2C[C@@H](O)[C@@H](O)C2)[nH]1,ZINC001644988735,253.258,-1.272,0,20,CAAD
O=C(Cn1ncnn1)N1CC[C@@H](Nc2nccc(C(F)(F)F)n2)C1,ZINC001056707103,342.285,0.195,0,20,ECAD
Cc1nc(Cn2nnc(C(=O)NCC3(CC(C)C)CCC3)c2C)no1,ZINC000346258428,346.435,2.272,0,20,EEAD
Cn1cnnc1[C@H]1CCN(C(=O)[C@@H]2CCS(=O)(=O)N2)C1,ZINC001364650573,299.356,-1.177,0,20,CAAD
COCCC(=O)N1CCC[C@@H]2[C@@H]1CCN2C(=O)[C@@H]1Cc2ccccc21,ZINC001056178449,342.439,1.955,0,20,EDAD
Cn1c(=O)ccn(CC(=O)N2CCCOC2)c1=O,ZINC000293699536,253.258,-1.247,0,20,CAAD
C[C@@H](C(=O)NC[C@H]1CCCO1)N1CC(NC(=O)c2cn[nH]c2)C1,ZINC001481545398,321.381,-0.493,0,20,DBAD
O=C(Cn1nccn1)N1C[C@H]2CC[C@H]1[C@H](NCc1ccns1)C2,ZINC001078958205,332.43300000000005,0.904,0,20,ECAD
C#CCN[C@@H](CNC(=O)c1cc(Cl)n(C)n1)c1ccccc1OC,ZINC001198795296,346.8180000000001,1.776,30,20,EDED
COCCCC(=O)N[C@@H](C)[C@H](C)NCc1nc(=O)n(C)[nH]1,ZINC001755226327,299.375,-0.482,0,20,CBAD
COc1ncc(Br)cc1CN1CCC[C@H](CF)C1,ZINC000880237422,317.202,3.034,0,20,DGAD
CN1CC[C@@H](Nc2nc(S(C)(=O)=O)nc3c2CCNCC3)C1=O,ZINC001156502825,339.421,-0.789,0,20,EBAD
CC(=O)N(C)CC(=O)NCC1(O)CN(C(=O)C(C)(F)F)C1,ZINC001041568729,307.297,-1.1909999999999998,0,20,DAAD
CCO[C@@H]1C[C@H]1NC(=O)N(Cc1ccccc1)CC1CCC1,ZINC000580517943,302.418,3.176,0,20,DGAD
CCn1ncc(C(=O)N2CCC[C@@H](N[C@@H]3CCNC3=O)C2)c1C1CC1,ZINC001000657946,345.44699999999995,0.863,0,20,ECAD
CC(=O)OCCCc1cccc(NC(=O)[C@@](C)(N)c2ccccc2)c1,ZINC000843494423,340.423,2.995,0,20,EFAD
Cc1noc(C)c1[C@H](C)CNC(=O)C(=O)N[C@@H]1C=CCC1,ZINC001350833544,291.351,1.346,0,20,CDAD
Cc1cc(C)c(CNC(=O)N[C@H](C)[C@@H]2CCCCO2)cn1,ZINC000454781054,291.395,2.455,0,20,CEAD
C[C@@H](CCc1ccco1)NC[C@H]1CN2CCC1CC2,ZINC001660827408,262.397,2.532,0,20,CFAD
CC(=O)c1ccc(F)c(-c2cccc(-c3nc[nH]n3)c2)c1,ZINC001241302760,281.29,3.48,0,20,CGAD
C[C@@H]1[C@H](NC(=O)CCCC2CC2)CCCN1Cc1cnn[nH]1,ZINC001576019035,305.426,1.854,0,20,DDAD
COc1cnc(-c2cncc(OCC3CC3)c2)nc1,ZINC001245241065,257.293,2.336,0,20,CEAD
COc1ccc(CN(C)C(=O)[C@H]2CCC=CO2)cc1F,ZINC001411633852,279.311,2.485,0,20,CEAD
C[C@H]1CCC[C@]1(C)C(=O)NCc1cn(-c2ccccc2)nn1,ZINC000826993470,298.39,2.71,0,20,CFAD
COC(=O)[C@@H](C)CN1C(=O)COCC12CN(Cc1cc[nH]n1)C2,ZINC001272541771,322.365,-0.368,0,20,DBAD
CCc1oncc1C(=O)N[C@H]1CCN(C(=O)CCNC(N)=O)C1,ZINC001407757732,323.353,-0.374,0,20,DBAD
Cc1cc(Nc2cc(F)c(F)c(C(=O)O)c2)nn1C,ZINC001215455651,267.235,2.449,0,20,CEAD
CC1CCN(C(=O)NCc2ccc(C(=O)O)o2)CC1,ZINC000094554694,266.297,1.919,0,20,CDAD
NC(=O)[C@@H]1CC[C@@H]1C(=O)N1CCN(Cc2nc(O)n[nH]2)CC1,ZINC000949655883,308.342,-1.334,0,20,DAAD
CC1(C(=O)N2C[C@@H](NC(=O)[C@@H]3CC=CCC3)[C@@H](O)C2)CCC1,ZINC000961508234,306.406,1.221,0,20,DDAD
O=C(COCC1CC1)N[C@H]1CCN(C(=O)c2cnnc(O)c2)C1,ZINC001453982585,320.349,-0.061,0,20,DBAD
NC(=O)[C@H]1CC12CN(C(=O)c1ccc3c(c1)OCC(=O)N3)C2,ZINC001269137283,301.302,-0.035,0,20,DBAD
CC(C)SCC(=O)N1CC[C@H](NC(=O)c2ccn(C(F)F)n2)C1,ZINC001396919239,346.403,1.751,0,20,EDAD
CC[C@@H]1CN(C)CCN1C(=O)N[C@@H](C)C1CCOCC1,ZINC000584514742,283.416,1.537,0,20,CDAD
CCOc1ncc(Cl)cc1CN1CCCCO1,ZINC001233170207,256.733,2.661,0,20,CFAD
Cc1cc([C@@H](NC(=O)C2(C)COC(C)(C)OC2)C(=O)O)ccc1F,ZINC001600148101,339.36300000000006,2.165,0,20,EEAD
CCc1ccccc1CCN1CC[C@H](CO)[C@@H](O)C1,ZINC000583106436,263.381,1.467,0,20,CDAD
Cc1nc([C@H]2CCCN(C(=O)c3cccc4ccncc43)C2)n[nH]1,ZINC000648824785,321.384,2.681,0,20,DFAD
Cc1ccc(C(=O)NC[C@H]2COCCN2Cc2ccsc2)c(C)c1,ZINC001051233966,344.48,2.9960000000000004,0,20,EFAD
CO[C@@H](C(=O)N1CCN(S(C)(=O)=O)CC1)C(C)C,ZINC000471790526,278.374,-0.239,0,20,CBAD
COc1cccnc1C(=O)N1CCCc2ccc(F)cc21,ZINC000630767222,286.306,2.822,0,20,CFAD
O=C(O)C1(c2noc(Cc3c[nH]c4cc(F)ccc34)n2)CCC1,ZINC001594885577,315.3040000000001,2.787,0,20,DFAD
O=C(N[C@@H]1CCCCN(Cc2ccc(F)cc2)C1)C1[C@H]2CCC[C@H]12,ZINC001034161683,330.44699999999995,3.343,0,20,EGAD
Cc1ocnc1CNC(=O)NCc1ccc(C(=O)O)s1,ZINC001600861088,295.32,1.742,0,20,CDAD
CCCCCn1cc(CNC[C@@H](O)CC(C)(C)C#N)c(C)n1,ZINC000598725781,306.454,2.772,30,20,DFED
CC[C@H](C)CN1CC[C@H](NC(=O)c2cc(F)ccc2C)[C@H]1C,ZINC001088777910,306.425,3.373,0,20,DGAD
CCN(C(=O)c1c[nH]c2nccc-2c1)[C@@H]1CCN(CC(C)C)C1,ZINC001033864453,314.433,2.707,0,20,DFAD
COC(=O)N1CCC(C(=O)NC[C@@H](O)C(N)=O)CC1,ZINC001362414997,273.289,-1.5730000000000002,0,20,CAAD
CC(C)NC(=O)CN[C@H](C)CNC(=O)Cc1nc[nH]n1,ZINC001376840609,282.348,-1.034,0,20,CAAD
COCC[C@](C)(O)CN[C@H](C)c1cc(C)ccc1OC(F)F,ZINC000178371163,317.376,3.035,0,20,DGAD
O=C(Nc1nc2c(s1)CCCCC2)NC1CCSCC1,ZINC000195151651,311.476,3.429,0,20,DGAD
Cc1nc(C(=O)N(C)C[C@](C)(O)c2ccccc2)sc1C,ZINC000819715937,304.415,2.74,0,20,DFAD
CCN(C(=O)c1ccncc1)[C@H]1CCN(C(=O)[C@H](O)C(C)C)C1,ZINC000942636756,319.405,1.162,0,20,DDAD
Cc1cc(N[C@H]2C[C@H](CNC(=O)[C@@H]3CC3(F)F)C2)nc(C)n1,ZINC001046805923,310.348,2.055,0,20,DEAD
C[C@@]1(CNC(=O)Nc2ccc(N3CCCC3=O)cc2)CCOC1,ZINC000603561158,317.389,2.362,0,20,DEAD
CCN(CC(=O)O)C(=O)[C@H](C)c1ccc(Cl)c(Cl)c1,ZINC000262492165,304.173,3.03,0,20,DGAD
COc1ccc(C(C)(C)C(=O)NC[C@H](O)CC(C)C)cc1OC,ZINC000159275024,323.433,2.505,0,20,DFAD
Cn1nccc1C(=O)N1CC[C@@H](CCNC(=O)C[C@H]2CCNC2=O)C1,ZINC001059299500,347.4190000000001,-0.085,0,20,EBAD
O=C(c1ncccc1Cl)N1CCC(F)(c2cccnc2)CC1,ZINC000353386775,319.767,3.2310000000000003,0,20,DGAD
N#Cc1nc(=NCCCOCCNC(=O)c2cncnc2O)cc[nH]1,ZINC001115426504,343.347,-0.486,30,20,EBED
Cn1cc(NC(=O)[C@@H]2CC(c3cc(F)ccc3F)=NO2)cn1,ZINC000078651169,306.272,1.83,0,20,DDAD
Cn1nccc1C(=O)NCCNCCCS(C)(=O)=O,ZINC001124550565,288.373,-0.826,0,20,CBAD
COc1ccc([N+](=O)[O-])cc1CN[C@@H]1C[C@H](OC(C)C)C1(C)C,ZINC000361030045,322.405,3.285,5,20,DGBD
O=S(=O)(NC[C@@H](c1ccco1)N1CCCC1)C1CCC1,ZINC000820768132,298.408,1.888,0,20,CDAD
O=C(NCC1CN(CC[C@@H]2CCOC2)C1)c1c[nH]c(-c2nn[nH]n2)c1,ZINC001582476801,345.407,0.28300000000000003,0,20,ECAD
CC[C@@H](CNC(=O)c1cccc(C(N)=O)n1)NCC(=O)NC1CC1,ZINC001400916241,333.392,-0.443,0,20,EBAD
C#C[C@H](C)N(C)c1nnc([C@@H](C)c2ccc(OC)cc2)n1CC,ZINC001121756772,312.4170000000001,2.9160000000000004,30,20,DFED
N#CCN(Cc1c[nH]c2nccnc12)C1CCCC1,ZINC000284152307,255.325,2.226,30,20,CEED
COC[C@]12CCCO[C@H]1CCN(c1ccnc(N3CCOCC3)n1)C2,ZINC001165950770,348.44699999999995,1.335,0,20,EDAD
NC(=O)[C@@H]1C[C@@H]1C(=O)N1CCOC2(CN(Cc3cscn3)C2)C1,ZINC001053430390,336.417,-0.322,0,20,EBAD
CCCN1CCC(N[C@H](C2CCC2)[C@H]2CCOC2)CC1,ZINC000711841208,280.456,2.656,0,20,CFAD
CCCCN1CC[C@H](NC(=O)c2cc(F)c[nH]2)[C@H]1CC,ZINC001087662700,281.375,2.537,0,20,CFAD
O=C(c1cc2ccc(Cl)cc2[nH]1)N1CCC[C@H](CO)CC1,ZINC000294622902,306.793,3.056,0,20,DGAD
COc1cc(C#N)ccc1CN1C[C@H](C)C[C@H](C)C1,ZINC000120560964,258.365,3.045,30,20,CGED
Cc1ccc(C(N)=O)cc1NC(=O)C(=O)N(CC(F)F)C1CCC1,ZINC000892263964,339.342,1.679,0,20,EDAD
CCc1nnc(S[C@H]2CCN(c3ccccc3Cl)C2=O)o1,ZINC000641562819,323.805,3.1830000000000003,0,20,DGAD
C[C@@H]1CCC[C@H](CNC(=O)C2CCSCC2)C1,ZINC000336389551,255.427,3.072,0,20,CGAD
CCn1ncc2c1CCC[C@@H]2N[C@H]1CCN(C2CCCCC2)C1=O,ZINC000629244532,330.476,2.804,0,20,EFAD
Cc1nc(C(C)C)oc1C(=O)NCCc1ncc(C(=O)O)s1,ZINC001600688906,323.374,2.234,0,20,DEAD
Cc1cnn(C)c1C(=O)NCC1CCN(C(=O)[C@@H]2CCCN2C)CC1,ZINC000952445893,347.463,0.7909999999999999,0,20,ECAD
C=CCN(C(=O)NCCS(=O)(=O)CC1CC1)[C@@H](C)COC,ZINC000853869959,318.439,1.044,30,20,DDED
CC[C@H](C)[C@@H](O)CNS(=O)(=O)C[C@@H](COC)OC,ZINC000641347649,283.39,-0.026,0,20,CBAD
CCN[C@H](C)C[C@@H](C)NC(=O)c1cn(C)nc1COC,ZINC001134794760,282.388,1.073,0,20,CDAD
CC(=O)NC1(CNC(=O)C[C@H]2CCC(=O)N2)CCC1,ZINC001063606363,267.329,-0.17,0,20,CBAD
O=C(N[C@@H]1CCN(C(=O)c2cnon2)C[C@@H]1O)c1cnn[nH]1,ZINC000991587209,307.27,-1.807,0,20,DAAD
COc1ccccc1C/C(C)=C/C(=O)N[C@H](CO)[C@H]1CCCOC1,ZINC000839856099,333.42800000000005,2.088,0,20,EEAD
CCN(CCNC(=O)C1(C(F)F)CCC1)c1cnc(C#N)cn1,ZINC001100692277,323.347,1.726,30,20,DDED
CNC(=O)CN1C[C@@H](NC(=O)c2cnn(CCN(C)C)c2)[C@@H](O)C1,ZINC001083851268,338.412,-2.0340000000000003,0,20,EAAD
Cn1cnc(C(=O)N[C@H]2CCCN(C[C@H](O)C3CCCCC3)CC2)c1,ZINC001052310270,348.491,1.946,0,20,EDAD
Cc1c[nH]c(C(=O)N[C@H]2CC[C@@H](CNC(=O)c3csnn3)C2)n1,ZINC001015453583,334.405,0.898,0,20,ECAD
C[C@H](CCNCCS(=O)(=O)NC(C)(C)C)c1ccccc1,ZINC000579077325,312.4790000000001,2.488,0,20,DEAD
CCO[C@@H](C)C(=O)N[C@@H]1CN(Cc2nnnn2C)C[C@H]1C,ZINC001206170411,296.375,-0.428,0,20,CBAD
COCC(C)(C)C(=O)N1CCC[C@@H]1CN(C)C(=O)[C@@H](C)n1cccc1,ZINC001369657168,349.475,2.171,0,20,EEAD
CCn1c(SC[C@@H]2CCCC[C@@H]2O)nnc1-c1ccccn1,ZINC000332702274,318.446,3.003,0,20,DGAD
C[C@@H]1CC[C@@H](C(=O)O)CN1c1ccc(Br)cn1,ZINC000662894980,299.168,2.5340000000000003,0,20,CFAD
N#Cc1c2ccccc2[nH]c1C(=O)N[C@@H](C(=O)O)c1ccccc1,ZINC001601080872,319.32,2.595,30,20,DFED
O=C(NC[C@H]1COCCN1c1ncc(F)cn1)c1nc[nH]n1,ZINC001066494988,307.289,-0.631,0,20,DBAD
COC(=O)c1cc(CN[C@@H](c2ccccc2)C2CCOCC2)cn1C,ZINC000368032355,342.439,3.069,0,20,EGAD
Cn1cnc(C(=O)N2CCC[C@](CO)(NC(=O)c3cncnc3)C2)c1,ZINC001055898388,344.375,-0.393,0,20,EBAD
Cc1cc(CN2CCCN(C(=O)Cn3cccn3)CC2)on1,ZINC000980704911,303.366,0.914,0,20,DCAD
Cc1c[nH]nc1C(=O)NC[C@H]1CCN1C(=O)CNC(=O)N1CCCC1,ZINC001505701959,348.407,-0.146,0,20,EBAD
CO[C@@H](CS(=O)(=O)N[C@@H](CO)C(N)=O)C1CCCC1,ZINC000656989522,294.373,-1.043,0,20,CAAD
O=C(C[C@H]1CCCO1)N(CCO)CCNC(=O)c1cnn[nH]1,ZINC001057073028,311.342,-1.0759999999999998,0,20,DAAD
Cc1c[nH]c(C(=O)NC[C@H]2CCN2C(=O)C(N)=O)n1,ZINC000950185477,265.273,-1.466,0,20,CAAD
Cc1cc(N2C[C@H]3[C@@H](C2)[C@@H]3NC(=O)[C@H]2C[C@H]2C)nc(-c2ccccn2)n1,ZINC001060381535,349.4380000000001,2.0540000000000003,0,20,EEAD
COC(=O)Cn1cc(CNC(=O)N2C[C@H]3CCC[C@H]32)nn1,ZINC000441464881,293.327,0.145,0,20,CCAD
CC(C)NCCCNC(=O)N[C@H]1CCO[C@H](C(C)(C)C)C1,ZINC000637425989,299.459,2.267,0,20,CEAD
C=CCOCC(=O)N1C[C@H]2CN(C(=O)[C@@]3(C)C=CCC3)C[C@H]2C1,ZINC001055251015,318.4170000000001,1.462,30,20,DDED
Cc1nonc1CNCc1cnc(-c2ccco2)s1,ZINC000809744443,276.321,2.384,0,20,CEAD
CC(=O)Nc1ccc(CN2CCO[C@H](C(C)=O)C2)c(C)c1,ZINC001232188198,290.363,1.743,0,20,CDAD
COCC1(C(=O)N2CCn3nccc3C2)CCOCC1,ZINC001453766162,279.34,0.669,0,20,CCAD
CCO[C@@H]1COCC[C@@H]1CC(=O)Nc1ccc2c(c1)CNC2,ZINC000867974023,304.39,2.06,0,20,DEAD
C[C@@H]1CC/C(=C/C(=O)OCc2ccc(S(=O)(=O)C(F)F)cc2)C1,ZINC000754188417,344.379,3.4730000000000003,0,20,EGAD
CC(C)OCCN1C[C@@H]2[C@H](C1)OCCN2S(=O)(=O)N(C)C,ZINC001277657964,321.443,-0.397,0,20,DBAD
CN(C[C@H](O)CO)C[C@@]1(O)CCN(Cc2ccccc2)C1,ZINC000711820488,294.395,-0.092,0,20,CBAD
O=C(CCc1ccon1)N(CCO)CCNC(=O)c1ccccc1O,ZINC001058089048,347.371,0.564,0,20,ECAD
C[C@]1(C(=O)N[C@@H]2CN(C(=O)Cn3nccn3)C[C@H]2O)CCOC1,ZINC001025309329,323.353,-1.607,0,20,DAAD
CC[C@@H](C)C(=O)N1CCOC2(CN(CC3CC(F)(F)C3)C2)C1,ZINC001053167162,316.392,1.991,0,20,DDAD
C#CCNCCCC[C@H](C)NC(=O)c1cn2ccc(C)cc2n1,ZINC001171701860,312.4170000000001,2.154,30,20,DEED
COC[C@H]1C[C@@H](O)CN1C(=O)C(=O)N1C[C@H](COC)O[C@@H](C)C1,ZINC001326581297,330.381,-1.143,0,20,EAAD
C=C(C)CCN[C@H]1CCN(C(=O)C[C@@H](C)n2cccn2)[C@H]1C,ZINC001179875785,304.438,2.379,30,20,DEED
COc1ccc(C(=O)N2CC[C@@H]([C@H](C)NCc3csnn3)C2)cc1,ZINC001048043142,346.456,2.187,0,20,EEAD
CC(=O)N1CCO[C@H]2CCN(C(=O)Cn3cnnn3)C[C@@H]21,ZINC001019850123,294.315,-1.479,0,20,CAAD
C[C@@H](NC(=O)c1cc(C(N)=O)co1)[C@H]1CN(C(=O)C(N)=O)CCO1,ZINC001009741228,338.32,-1.791,0,20,EAAD
O=C(NCc1ccc2c(c1)CCC2)[C@H]1C[C@]12CCCOC2,ZINC001183686376,285.387,2.608,0,20,CFAD
CCN(Cc1cc(C)cc(C)c1)[C@H](C)CNC(=O)CCNC(=O)NC,ZINC001153151128,348.491,1.949,0,20,EDAD
COC[C@H](OC)C(=O)N(CCO)CCNC(=O)[C@@H](C)C#N,ZINC001058757278,301.343,-1.255,30,20,DAED
CN(C[C@@H]1COCCO1)[C@@H]1CC(=O)N(c2cnccn2)C1=O,ZINC000656480409,306.322,-0.544,0,20,DBAD
Cn1cc(CN2C[C@@H](O)[C@@H](CNC(=O)c3csnn3)C2)cn1,ZINC000958289237,322.394,-0.506,0,20,DBAD
CC(C)CCS(=O)(=O)N1CCN(c2nccc(C(C)C)n2)CC1,ZINC000184269880,340.49300000000005,2.0980000000000003,0,20,EEAD
Cn1ncc(C(=O)NC[C@H]2CN(Cc3nnnn3C)CCO2)n1,ZINC001035549378,321.345,-2.031,0,20,DAAD
NC(=O)CONC(=O)c1ncccc1Br,ZINC000231765768,274.074,-0.009000000000000001,0,20,CBAD
C[C@H](CNC(=O)C(=O)N1CC[C@@H](c2cccnc2)C1)C(=O)O,ZINC000656000678,305.334,0.234,0,20,DCAD
C[C@H](NC(=O)[C@@H](N)CO)C(=O)N[C@@H]1C[C@@H]2C[C@H]([C@@H]1C)C2(C)C,ZINC001221199700,311.426,-0.002,0,20,DBAD
CCOCc1cccc(NC(=O)N2CCC(COC)CC2)c1,ZINC000112423747,306.406,3.113,0,20,DGAD
CC(C)N1CC[C@@H](NC(=O)c2nnc(O)nc2O)[C@H](O)C1,ZINC001090395524,297.315,-1.144,0,20,CAAD
Cn1cc(CNC[C@@H]2CCCN2C(=O)CCn2cnnn2)nn1,ZINC001045251143,319.373,-1.028,0,20,DAAD
Cc1nc(NC(=O)N2CCC=C(c3ccncc3)C2)oc1C,ZINC000556857173,298.346,3.008,0,20,CGAD
CNC(=O)CN1CCC[C@@H](NC(=O)c2cc(C3CC3)[nH]n2)CC1,ZINC001052739078,319.409,0.617,0,20,DCAD
CC(C)NS(=O)(=O)CCNC(=O)N1CCC[C@@H](n2ccnn2)C1,ZINC000425445546,344.441,-0.048,0,20,EBAD
C[C@H]1[C@@H](O)CCN1C(=O)CNc1ccc(-c2nn[nH]n2)cn1,ZINC001591775538,303.326,-0.345,0,20,DBAD
CC(C)(C(=O)O)C(=O)O[C@@H]1CCN(c2ccc([N+](=O)[O-])cc2)C1,ZINC001602838632,322.317,1.828,5,20,DDBD
O=C(N[C@@H]1CCCC[C@@H]1CNCC1CCC1)c1cnn2cc[nH]c12,ZINC001037246715,329.4480000000001,2.341,0,20,EEAD
CC[C@@H](C)OCC(=O)N[C@@H](CC)CNC(=O)c1ccccc1Cl,ZINC001451108030,340.851,2.78,0,20,EFAD
CC[C@H](C)C(=O)N[C@@H]1C[C@H]2CC[C@@H]1N2Cc1cccc(F)c1,ZINC001110296613,304.409,3.093,0,20,DGAD
CC(=O)N(C)CC(=O)N[C@@H]1CCN(CCn2cccn2)C1,ZINC001369963023,293.371,-0.448,0,20,CBAD
CCc1ncc(NC(=O)C[C@H]2CCC(=O)[C@@H]2C)cn1,ZINC000527001701,261.325,1.983,0,20,CDAD
CCc1nc(C(=O)NC[C@H](C2CC2)N(C)C(=O)Cn2ncnn2)co1,ZINC001487658067,347.379,-0.11,0,20,EBAD
CCC[C@H](CC(C)C)C(=O)NC[C@H]1CCOC[C@@H]1OC,ZINC000452624420,285.428,2.617,0,20,CFAD
CC(=O)N1CCC2(CC1)CCN(C(=O)c1cncn1C)CC2,ZINC000936288466,304.394,1.285,0,20,DDAD
Cc1ccc(C(=O)N[C@@H](C)C2CCN(C(=O)C[C@@H]3C=CCC3)CC2)o1,ZINC000986759026,344.455,3.301,0,20,EGAD
C[C@@H]1CN(CC#N)C[C@H]1NC(=O)[C@@H]1CS(=O)(=O)CC(=O)N1,ZINC001080180374,314.367,-2.14,30,20,DAED
CC(=O)N(C)C1CN(C(=O)c2ncoc2[C@H]2CCCO2)C1,ZINC000953458871,293.323,0.8290000000000001,0,20,CCAD
COC[C@H](C)NC(=O)N[C@@H]1c2ccccc2NC1(C)C,ZINC000887278509,277.368,2.266,0,20,CEAD
C[C@@H]1CCCC[C@@]1(C)NC(=O)NCCOCC(F)(F)C(F)F,ZINC000458725673,328.35,3.1710000000000003,0,20,EGAD
COCC(C)(C)C(=O)NC[C@H]1COCCN1CC(=O)NC(N)=O,ZINC001501810243,330.385,-1.329,0,20,EAAD
O=C(NCC1(O)CN(C(=O)[C@H]2CNC(=O)N2)C1)C1[C@H]2CCC[C@H]12,ZINC001042391264,322.365,-1.597,0,20,DAAD
CN1CCC[C@@H]1C(=O)NCCN=c1cc[nH]c(-c2nn[nH]n2)n1,ZINC001591189621,317.357,-1.2990000000000002,0,20,DAAD
C[C@@H](CN(C)Cc1ccccc1)NC(=O)NCCO,ZINC000271916036,265.357,0.7979999999999999,0,20,CCAD
CCc1cc(C(=O)N2CC[C@H]2CNC(=O)CNC(C)=O)cc(O)n1,ZINC001505592785,334.376,-0.184,0,20,EBAD
C=C(C)CNCCNC(=O)c1sc(C(C)(C)C)nc1C,ZINC001153685895,295.452,2.645,30,20,CFED
Cc1[nH]nc(C(=O)N[C@H]2CCN(C(=O)Cc3ccsc3)[C@H]2C)c1C,ZINC001011441837,346.456,2.05,0,20,EEAD
O=C(NCc1ccc(Cl)cc1)N[C@H](CO)Cc1ccccc1,ZINC000079030173,318.8040000000001,2.7430000000000003,0,20,DFAD
COc1nc(C)cc(NC[C@H](C)NC(=O)Cc2nnc(C)o2)n1,ZINC001108361578,320.353,0.644,0,20,DCAD
CCN(CCNC(=O)c1cnc(O)n1C)Cc1cc(F)ccc1C,ZINC001493001339,334.395,1.825,0,20,EDAD
NC(=O)[C@@H]1CCC2(CN(C(=O)c3cncnc3O)C2)O1,ZINC001275301620,278.268,-0.959,0,20,CBAD
CC(C)=CCC[C@H](C)CCNC[C@H]1CCO[C@H]1C(=O)O,ZINC001590922189,283.4120000000001,2.838,0,20,CFAD
CN(C)CCc1ccc(NC(=O)CCc2nc(N(C)C)no2)cc1,ZINC000275469372,331.42,1.811,0,20,EDAD
COC(=O)[C@@H]1CC[C@H](C(=O)NC[C@H](OC)C2CC2)C1,ZINC001273915981,269.341,1.117,0,20,CDAD
C#CCCCCC(=O)Nc1ncc2c(n1)CC[C@@H](C)C2,ZINC001121264213,271.36400000000003,2.734,30,20,CFED
CCN(C(=O)CC[C@H]1CCOC1)[C@@H]1CCOC(C)(C)C1,ZINC000354594171,283.4120000000001,2.609,0,20,CFAD
C[C@H](CNCC=C(Cl)Cl)N(C)C(=O)CCc1cccnc1,ZINC001753703039,330.259,2.77,0,20,EFAD
Cc1cnc(C(=O)N2CCN(C(=O)[C@@H](F)C(C)C)CC2)cn1,ZINC001010046627,308.357,1.064,0,20,DDAD
CCN(C)C(=O)CN(C)[C@@H]1CCN(C(=O)Cc2nonc2C)C1,ZINC001193171340,323.397,-0.068,0,20,DBAD
COC(=O)[C@H]1CS[C@@H](C(=O)OC)N1C(=O)C1(F)CNC1,ZINC001160493000,306.315,-1.086,0,20,DAAD
NC(=O)C(=O)N1C[C@H]2C[C@@H]3CN(C(=O)CCc4cn[nH]c4)C[C@@]3(C1)O2,ZINC001001633729,347.375,-1.344,0,20,EAAD
CCNC(=O)C(C)(C)CNC(=O)C(=O)N[C@@H]1C[C@H](OC)C12CCC2,ZINC001331660293,339.436,0.339,0,20,ECAD
O=C(NC[C@H]1CCCCCN1Cc1nc(O)n[nH]1)c1ncc[nH]1,ZINC000968854051,319.369,0.408,0,20,DCAD
O=C(CN1CC(CNC(=O)[C@@H]2CCNC(=O)C2)C1)N1CCCCC1,ZINC001031614102,336.436,-0.4270000000000001,0,20,EBAD
CC[C@H](F)CN1CC[C@H]1CNC(=O)[C@H]1CC[C@H](CC)CC1,ZINC001038942507,298.446,3.141,0,20,CGAD
COC[C@@](C)(O)CNC(=O)C(=O)c1cnn(C)c1,ZINC001318972441,255.274,-0.884,0,20,CBAD
CC(C)(C)n1[nH]cnc1=NC(=O)c1nc(N2CCCC2)ncc1Cl,ZINC000670277685,349.826,1.751,0,20,EDAD
Cc1ccc(C2CC2)c(C(=O)NC[C@@H]2CN(CCCO)CCCO2)c1,ZINC001073712642,346.471,2.076,0,20,EEAD
CC[C@H](CNC(=O)c1ccoc1)NC(=O)c1cc[nH]c1C(C)C,ZINC001456701227,317.389,2.67,0,20,DFAD
CCSC1(CNC(=O)N2CCC[C@@H](CNC(=O)C(C)C)C2)CC1,ZINC000596883506,341.521,2.466,0,20,EEAD
NC(=O)CN1CC[C@@H](NC(=O)CCn2cccn2)[C@@H](O)C1,ZINC001099684111,295.343,-1.69,0,20,CAAD
COc1ccc(C[C@@H](C)CNC(=O)c2ccc([N+](=O)[O-])[nH]2)cc1,ZINC000270778309,317.345,2.54,5,20,DFBD
CCNC(=O)N1CCN(c2nc(=N)[nH]c(=N)[nH]2)CC1,ZINC000623816563,266.309,-1.452,0,20,CAAD
NC(=O)NCC(=O)N1CC[C@](O)(CNC(=O)c2cc[nH]c2)C1,ZINC001040081646,309.326,-1.624,0,20,DAAD
CCCCC(=O)N[C@@H](C)C1CN(C(=O)c2cc(OC)cc(OC)c2)C1,ZINC001450285222,348.4430000000001,2.471,0,20,EEAD
CC(C)CC(=O)N1[C@@H]2CC[C@H]1C[C@@H](CNC(=O)[C@H]1CCCO1)C2,ZINC000959661227,322.449,2.097,0,20,DEAD
CC(=O)N(C)CC(=O)N[C@@H]1CCN(C(=O)c2ccn(C)n2)C1,ZINC001385598404,307.3540000000001,-0.7709999999999999,0,20,DBAD
O=C(CCCF)N[C@]12CCC[C@H]1CN(CCO[C@@H]1CC1(F)F)C2,ZINC001111841716,334.38199999999995,2.131,0,20,EEAD
Cn1cc(/C=C\C(=O)N2CCCN3c4ccccc4C[C@H]3C2)cn1,ZINC000810824065,322.4120000000001,2.097,0,20,DEAD
CCC1(C(=O)Nc2ccc([C@@H]3C[C@H]3N)cc2)CCCC1,ZINC000705669515,272.392,3.41,0,20,CGAD
CCO[C@@H]1C[C@H](NC(=O)c2cc(S(N)(=O)=O)ccc2C)[C@H]1OC,ZINC000681540032,342.417,0.565,0,20,ECAD
CCN(CC)c1ccc(C(=O)N2CCC=C(C)C2)cc1,ZINC000437969739,272.392,3.325,0,20,CGAD
CC(C)N1CC[C@@H](N[C@H]2C[C@@H](NC(=O)C3=COCCC3)C2)C1=O,ZINC001021888749,321.421,0.927,0,20,DCAD
Cc1ccc2c(c1)[C@@H](NC(=O)Cc1cccc(F)c1F)CO2,ZINC000531659047,303.308,3.0660000000000003,0,20,DGAD
O=C(Cc1nc[nH]n1)N[C@@H]1CCN(C(=O)CCc2nc[nH]n2)C[C@@H]1O,ZINC000991797911,348.367,-1.824,0,20,EAAD
Cc1cnn(C)c1CN[C@H]1CCCC[C@H]1C(C)(C)C,ZINC000394792783,263.42900000000003,3.423,0,20,CGAD
O=C([C@H]1CCc2nnc(O)n2C1)N1CCC[C@@H]1CN1CCCC1,ZINC001646576926,319.409,0.633,0,20,DCAD
C[C@H](C#N)C(=O)N1CC([C@H](C)NC(=O)Cc2cncn2C)C1,ZINC001383302420,303.366,0.085,30,20,DCED
COC(=O)[C@@]1(O)CCN(C(=O)c2cc(C(=O)O)oc2C)C1,ZINC001606357958,297.263,0.036000000000000004,0,20,CCAD
NC(=O)NC(=O)CN1CC[C@@H]2CN(C(=O)Cc3cc[nH]n3)CC[C@H]21,ZINC001422259847,334.38,-0.93,0,20,EBAD
CCc1nc(C(=O)N(CC)[C@H]2CCN(C(C)=O)C2)co1,ZINC000942753899,279.34,1.32,0,20,CDAD
Cc1nn(C)cc1[C@@H]1CCCN1C(=O)c1cc(-c2ccc(C)cc2)[nH]n1,ZINC000369462659,349.4380000000001,3.404,0,20,EGAD
CN1CC[C@](O)(CNC(=O)[C@H]2CCCCN2S(C)(=O)=O)C1,ZINC000680827302,319.427,-1.017,0,20,DAAD
COC(=O)[C@H](O)C1CCN(C(=O)[C@@H]2CCNC2=O)CC1,ZINC001334354074,284.312,-1.105,0,20,CAAD
O=C(CN[C@H](CNC(=O)[C@H]1CCC(=O)N1)C1CC1)NCC1CC1,ZINC001370143687,322.409,-0.7240000000000001,0,20,DBAD
CNC(=O)NC(=O)[C@@H](C)NCCN(C)C(=O)[C@@H]1CCN(C)C1,ZINC001391217893,313.402,-1.17,0,20,DAAD
CC[C@H](C(=O)N1C[C@H]2CN([C@@H]3CCNC3=O)C[C@H]2C1)N1CCCC1=O,ZINC001049223442,348.44699999999995,-0.334,0,20,EBAD
COC(=O)[C@@H](OC(=O)c1cc(OC)n(C)n1)c1ccccc1Cl,ZINC001771658472,338.747,2.153,0,20,EEAD
C[C@H](c1ccccc1)[C@H](C)NC(=O)NCC(C)(CO)CO,ZINC001646936924,294.395,1.469,0,20,CDAD
CCCNC(=O)[C@H](C)Nc1ccc(O[C@H](C)CC)cc1,ZINC000033647058,278.396,3.1910000000000003,0,20,CGAD
CO[C@@H](CS(=O)(=O)NC[C@@H]1CCC=CO1)C(C)C,ZINC000827498193,277.386,1.27,0,20,CDAD
C=C[C@@](C)(O)CC(=O)NCC1CC(NC(=O)CCOC)C1,ZINC001755927950,298.383,0.361,30,20,CCED
C[C@@H](CNS(=O)(=O)N1CCOCC1)N1CCN(C)CC1,ZINC000408221122,306.432,-1.211,0,20,DAAD
CCCN1CC2(C1)C[C@@H](NC(=O)/C=C/C(C)(C)C)c1nccn12,ZINC001101616509,316.449,2.467,0,20,DEAD
COCCN1CC[C@H](C)[C@@H](NC(=O)c2cc3ccccc3n2C)C1,ZINC000968083901,329.444,2.265,0,20,EEAD
CN(C[C@@H]1CCCCN1C(=O)[C@@H]1CCC1(F)F)c1ccc(C#N)nc1,ZINC001051339365,348.397,2.8160000000000003,30,20,EFED
O=C(NC[C@@H]1CC[C@@H](CNC(=O)C2C=CC=CC=C2)CC1)C1CC1,ZINC000959754329,328.456,2.734,0,20,EFAD
CC(C)=CCN1CCO[C@@H](CNC(=O)[C@@H]2CCNC2=O)C1,ZINC001035471696,295.383,-0.094,0,20,CBAD
CNC(=O)NCC(=O)NC[C@@H](C)N(C)C(=O)[C@H]1CCS(=O)(=O)C1,ZINC001395099199,348.425,-1.6869999999999998,0,20,EAAD
Cc1cnc(Cl)c(C(=O)N([C@@H](C)C2CC2)C2CC2)c1,ZINC000888118237,278.783,3.447,0,20,CGAD
COc1ncccc1C(=O)N[C@@H](CCSC)C(N)=O,ZINC000600261533,283.353,0.4270000000000001,0,20,CCAD
CC(C)(CC(=O)O)NCc1cccc(-c2ccncc2)c1,ZINC001776291334,284.3590000000001,3.092,0,20,CGAD
CC[C@@H](SC)C(=O)NCC1(Nc2nc(C)cc(C)n2)CCC1,ZINC001111798755,322.478,2.6860000000000004,0,20,DFAD
Cc1ccc2occ(CC(=O)N(CCCO)Cc3ccccn3)c2c1,ZINC000626796188,338.407,3.09,0,20,EGAD
CN(C)C(=O)CN1CCC2(C1)CCN(C(=O)C(C)(C)C(N)=O)CC2,ZINC001035197379,338.452,-0.099,0,20,EBAD
CC1(C)C(=O)NC[C@@H]1NS(=O)(=O)Cc1ccccn1,ZINC001197863167,283.353,0.026,0,20,CCAD
CC(C)(CNC(=O)c1ccc(S(=O)(=O)C(F)F)cc1)C1CCC1,ZINC001117845940,345.411,3.239,0,20,EGAD
COCCNC(=O)N1CCCCC[C@@H]1c1ccncc1,ZINC000042843011,277.368,2.355,0,20,CEAD
Cc1cocc1C(=O)N1CCC(C)(NC(=O)C[C@H]2CCNC2=O)CC1,ZINC001073192871,347.415,1.225,0,20,EDAD
CC[C@H](C)N1CC[C@@]2(CCCN2CCc2cccs2)C1=O,ZINC001273532806,306.475,3.156,0,20,DGAD
CC[C@H](C)C(=O)N1CC[C@H](C2CCN(C(=O)CC3(C)CC3)CC2)C1,ZINC000952294172,334.504,3.31,0,20,EGAD
CNC(=O)[C@H]1CCCN(C(=O)Nc2ncc(-c3ccccc3)s2)C1,ZINC000111420538,344.44,2.8,0,20,EFAD
CC(C)(C)OC(=O)N[C@H](CC(=O)O)c1ccc(F)cc1,ZINC000002585851,283.2990000000001,2.866,0,50,CFAA
O=C(CO)NCCC(=O)NC[C@@]12CCC[C@@H]1OCC2,ZINC001551032455,270.329,-0.44,0,20,CBAD
CCOc1nc(C(=O)N[C@@H]2CN(CC(=O)NCC#N)C[C@H]2O)co1,ZINC001194415865,337.336,-1.5119999999999998,30,20,EAED
CCOc1ncc(-c2cccc(S(=O)(=O)CC)c2)cn1,ZINC001241462434,292.36,2.336,0,20,CEAD
Cc1ccc(S(=O)(=O)NNc2ncccn2)cn1,ZINC001323533978,265.298,0.485,0,20,CCAD
CN(C(=O)c1cccc(-n2cnnn2)c1)C1CCN(CCCO)CC1,ZINC001006390691,344.4190000000001,0.581,0,20,ECAD
O=C(NCc1noc(C(F)(F)F)n1)c1ccc2c(c1)COC2,ZINC000579010448,313.235,2.049,0,20,DEAD
CN(CCNC(=O)c1ccnc(Oc2ccccc2)c1)CC(=O)O,ZINC001598492278,329.356,1.62,0,20,EDAD
N#Cc1ccc(C[C@H](C#N)C(=O)NCc2nc(C3CC3)cs2)cc1,ZINC000281594160,336.42,2.891,30,20,EFED
CCN1CCC[C@@H](NC(=O)Cc2nn(C)c3ccccc23)[C@@H]1C,ZINC000993324547,314.433,2.105,0,20,DEAD
Cc1nnc([C@@H](C)NC2CC(CNC(=O)C(C)(C)C(C)(C)C)C2)o1,ZINC001100568077,336.48,2.9960000000000004,0,20,EFAD
CS[C@@H](C)C(=O)NC1CC2(CC(NCc3nc(C)oc3C)C2)C1,ZINC001120682117,337.4890000000001,2.56,0,20,EFAD
COCCN(CCC#N)C(=O)Nc1ccc([C@@H]2CCOC2)cc1,ZINC000590842041,317.389,2.584,30,20,DFED
O=C(c1cccc(-c2ccc(O)c(F)c2F)c1)N1CCOCC1,ZINC001243341609,319.307,2.81,0,20,DFAD
CC(=O)N1CCCO[C@@H](CNC(=O)[C@H]2CCN(C)C2)C1,ZINC001019590021,283.372,-0.308,0,20,CBAD
C=C(C)CN(CC)C(=O)[C@H](C)NCCNC(=O)c1cc(C)co1,ZINC001132650001,321.421,1.721,30,20,DDED
Cc1cccc2c1C[C@H](C(=O)N(C)C[C@@H]1CCN1CCC(C)C)O2,ZINC001085930448,330.472,2.877,0,20,EFAD
Cc1cc(O)nc(C)c1C(=O)N1CC[C@@H](NCCOCCO)C1,ZINC001187988290,323.393,0.217,0,20,DCAD
CC(C)(F)C(=O)N[C@]12CCC[C@@H]1N(C(=O)C1(C)C[C@H]3C[C@@H]3C1)CC2,ZINC001014136337,336.451,2.8110000000000004,0,20,EFAD
CN(C)c1nccc(CNC(=O)[C@H](c2cccc(Cl)c2)N(C)C)n1,ZINC000343036711,347.85,2.115,0,20,EEAD
COc1ncc(C(=O)NC2CN(C(=O)c3ccc(O)nc3)C2)cn1,ZINC000998989207,329.316,-0.16,0,20,EBAD
CCC[C@@H]1CCCC[C@H]1NC(=O)CN(C)C1CCC1,ZINC000629958704,266.42900000000003,2.946,0,20,CFAD
CCCC(=O)NCC(=O)N[C@H]1C[C@H]2CC[C@@H]1N2Cc1nccc(C)n1,ZINC001109016525,345.44699999999995,0.923,0,20,ECAD
Cc1csc2ncnc(N(C)CCCNC(=O)C=C3CCC3)c12,ZINC001095512622,330.457,3.053,0,20,EGAD
C[C@@H](CCNC(=O)C[C@@H]1CCNC1=O)NC(=O)CCc1ccccc1,ZINC001076849388,345.4430000000001,1.156,0,20,EDAD
CCCCCCCCN1CCSC[C@@H]1C(N)=O,ZINC000767120653,258.431,2.25,30,20,CEED
C[C@H](C[C@@H](C)NC(=O)c1coc(C(N)=O)c1)NCC(N)=O,ZINC001135074478,296.327,-0.65,0,20,CBAD
Cc1cccc(S(=O)(=O)NC(C2CCC2)C2CCC2)c1,ZINC000511007047,293.432,3.242,0,20,CGAD
Cc1nocc1CN[C@@H](C)CNC(=O)c1ccc(F)c(F)c1,ZINC001403046998,309.316,2.169,0,20,DEAD
COCCOc1cccc(CC(=O)N(C[C@@H](C)O)[C@H](C)CO)c1,ZINC000442702837,325.405,0.845,0,20,ECAD
CO[C@@H](C(=O)Nc1cccnc1O)c1ccc(F)cc1,ZINC001361952663,276.267,2.253,0,20,CEAD
CC(C)OCC(=O)N[C@@H](C)CN[C@H](C)c1ccc(C(C)C)cc1,ZINC001483213434,320.4770000000001,3.39,0,20,DGAD
CCn1cc(C(=O)N2CC[C@@H](NCC(=O)N3CCC3)[C@H]2C)nn1,ZINC000987269894,320.397,-0.277,0,20,DBAD
CC[C@]1(O)CCN(C(=O)C(=O)Nc2ccc([C@@H](C)N)cc2)C1,ZINC000415085181,305.378,1.018,0,20,DDAD
C[C@H](C(=O)N1CC[C@H]([C@H](C)O)C1)N(C)CC(F)(F)F,ZINC000355906420,282.306,1.098,0,20,CDAD
Cc1cc(C)cc(/C=C/C(=O)NCCN2CCC2)c1,ZINC000493828118,258.365,2.139,0,20,CEAD
CC[C@@H](NCc1ccccc1NC)C(=O)NCc1cccs1,ZINC000902606511,317.458,2.974,0,20,DFAD
CC(C)Cc1ncc(C(=O)N(CC(N)=O)CC(C)C)s1,ZINC000929911464,297.4240000000001,1.925,0,20,CDAD
CCOc1ccc(C(C)=O)cc1CN(C)C1(CO)CC1,ZINC000353029201,277.36400000000003,2.245,0,20,CEAD
C[C@@H]1C[C@H](NS(=O)(=O)N2CCNCC2)CCN1,ZINC000923635838,262.379,-1.134,0,20,CAAD
CO[C@@]1(C(F)(F)F)CCCN(CCC(C)C)C1,ZINC000682042343,253.308,3.076,0,20,CGAD
C[C@@H]1CCC[C@H]1NC(=O)NCCCC1CCCC1,ZINC000591420868,252.402,3.445,0,20,CGAD
Cc1noc([C@H]2CCN(/C(O)=N/CC3CCCCC3)C2)n1,ZINC000329005925,292.383,2.662,30,20,CFED
CCO[C@H](C)C(=O)N(C)CCCNc1nc(C)ccc1C#N,ZINC001109372069,304.394,1.947,30,20,DDED
CC(=O)N1CC(C(=O)N2CCC[C@@H]([C@H](C)NCCF)C2)C1,ZINC001367452373,299.39,0.6509999999999999,0,20,CCAD
COc1ccc(CNC(=O)N2CCC[C@@H](CO)[C@H]2C)cc1,ZINC000413028727,292.379,1.998,0,20,CDAD
CCOC(=O)[C@H]1CCC[C@H](NCCCCC#N)C1,ZINC001255341790,252.358,2.392,30,20,CEED
NC(=O)CN1CCn2ncc(CNC(=O)[C@@H]3COC(=O)N3)c2C1,ZINC001069859177,322.325,-2.091,0,20,DAAD
CC(=O)NCC(=O)N1C[C@@H](C)[C@@H](CNC(=O)CCNC(N)=O)C1,ZINC001051851700,327.385,-1.608,0,20,EAAD
C[C@@]1(C(=O)Nc2cccc(OCCN)c2)CCOC1,ZINC000687366118,264.325,1.389,0,20,CDAD
CCCN1C[C@H]2CC[C@H]1CN2C(=O)c1cnc(C2CC2)s1,ZINC000972036433,305.447,2.719,0,20,DFAD
Cc1nc(C)c(CNC(=O)N(C)CC2CCC2)s1,ZINC000341233659,267.398,2.701,0,20,CFAD
C=CCCN1CCN(C(=O)C(N)=O)[C@@H]2CS(=O)(=O)C[C@@H]21,ZINC001094655670,301.368,-1.642,30,20,DAED
COCCN(CCNC(=O)c1cnn[nH]1)C[C@H](C)O,ZINC001449325494,271.321,-1.136,0,20,CAAD
O=C(NCCCOc1cccc(F)c1)c1cnn2cccc(F)c12,ZINC001156922136,331.32199999999995,2.8110000000000004,0,20,EFAD
Cn1oc(C(=O)NC[C@@H]2CCC[C@H]2NC(=O)C(N)=O)cc1=O,ZINC000946291403,310.31,-1.5219999999999998,0,20,DAAD
C[C@@H](NC(=O)C1CC2(CC2)C1)[C@H]1CCCN(CC2CC(F)(F)C2)C1,ZINC001025534256,340.458,3.439,0,20,EGAD
Cn1cc(CCN[C@@H]2CCN(C(=O)CCc3ccon3)C2)cn1,ZINC000969330877,317.393,0.774,0,20,DCAD
Cc1cc(C(F)F)oc1C(=O)N1C[C@@H]2[C@@H](C1)[C@H]1CC[C@H]2CN1,ZINC000625817212,310.344,2.596,0,20,DFAD
CNC(=O)CC1CCN(C(=O)Nc2cccc(F)c2Cl)CC1,ZINC000287831627,327.787,2.859,0,20,EFAD
O=C(CN1CCOCc2ccccc21)NC(=O)NCc1ccccc1,ZINC000547770561,339.395,2.049,0,20,EEAD
Cn1nncc1CN1C[C@@H](O)[C@H](NC(=O)[C@]2(C)CNC(=O)C2)C1,ZINC001077433994,322.369,-1.997,0,20,DAAD
CCN(CCN[C@@H](C)c1ccccc1C)C(=O)c1ccc[nH]1,ZINC001268434682,299.418,3.136,0,20,CGAD
COc1nc(C)cc(N[C@@H](CO)CNC(=O)C=C2CCCCC2)n1,ZINC001121164654,334.42,1.5730000000000002,0,20,EDAD
C[C@@H](CO)NC(=O)NCCc1ccc(C(F)(F)F)cc1,ZINC000042300990,290.285,1.928,0,20,CDAD
O=C(C[C@H]1CCS(=O)(=O)C1)N1C[C@@H]2COC[C@@H]2C1,ZINC001361904543,273.35400000000004,-0.084,0,20,CBAD
CCOCC(C)(C)Cn1c(CC)nnc1N1CC(C)(OC)C1,ZINC001401512522,310.442,2.128,0,20,DEAD
Cn1nnc2c1ncnc2NCCNC(=O)[C@H]1CCCS1(=O)=O,ZINC001093669472,339.381,-1.136,0,20,EAAD
CCCN[C@@H](C)C[C@H](C)NC(=O)c1nc2ncc(C)cn2n1,ZINC001134721639,304.398,1.329,0,20,DDAD
O=C(C[C@H]1CCC(=O)NC1)N1CC[C@@H](CNc2cnc(F)cn2)C1,ZINC001060929837,335.3830000000001,0.792,0,20,ECAD
CC1(NC(=O)[C@H]2[C@@H]3CCC[C@@H]32)CCN(Cc2c(F)cccc2F)CC1,ZINC001045394884,348.4369999999999,3.482,0,20,EGAD
COc1ccc(OCCNc2nc(N)nc3c2cnn3C)cc1,ZINC000656106528,314.349,1.445,0,20,DDAD
C[C@H](c1ccc(F)c(F)c1)N(C)C(=O)CN1CCC[C@@H](C)[C@H]1CO,ZINC000305750291,340.414,2.577,0,20,EFAD
C=CCOc1ccc(C(=O)N[C@H]2[C@@H]3Cc4ccccc4[C@@H]32)cc1OC,ZINC000125540389,335.403,3.3280000000000003,30,20,EGED
CNC(=O)CC(=O)N1CC2(C1)CCN(CCNC(=O)NC(C)C)C2,ZINC001147449760,339.44,-0.636,0,20,EBAD
C=CCOCCNC(=O)N1CCN(S(=O)(=O)NC)CC1,ZINC000664620504,306.388,-1.02,30,20,DAED
CN(CCO)C(=O)c1ccc(OCC(F)(F)C(F)F)nc1,ZINC000305684956,310.247,1.425,0,20,DDAD
COc1ccc(C(=O)N2CC[C@H](NC(C)C)[C@@H]2C)c(F)c1,ZINC000986502750,294.37,2.435,0,20,CEAD
Cc1cnc([C@H](C)N2CC[C@@H]2CNC(=O)c2ccn(C)c(=O)c2)cn1,ZINC001038414445,341.415,1.0490000000000002,0,20,EDAD
CN1CCN(c2cc(CNCc3cccc(F)c3)ccn2)CC1,ZINC000078459625,314.408,2.262,0,20,DEAD
CN(C(=O)c1cnn[nH]1)C1CN(C(=O)c2cccnn2)C1,ZINC000954727494,287.283,-0.809,0,20,CBAD
Cc1n[nH]c(C)c1S(=O)(=O)N1C[C@H](N)C[C@@H](F)C1,ZINC001238975339,276.337,0.086,0,20,CCAD
CN(C)c1ccc(C2(C(=O)N[C@@H]3CCCC[C@H]3O)CC2)cc1,ZINC000293853648,302.418,2.204,0,20,DEAD
O=C(N[C@H]1C[C@H](c2ccccc2)C1)c1cc2c(nc1O)CCC[C@H]2O,ZINC000822638306,338.407,2.833,0,20,EFAD
CC(C)CN(C(=O)CN1CC[C@]2(C)[C@@H](C1)C2(F)F)C(C)C,ZINC000428741098,302.409,2.857,0,20,DFAD
C[C@@H](c1ccco1)N(C)C(=O)NC[C@@H](c1ccco1)N(C)C,ZINC000124512674,305.378,2.878,0,20,DFAD
C[C@H](NC(=O)c1ccc2c(c1)nnn2C)c1cnn(C)c1,ZINC000158975408,284.323,1.193,0,20,CDAD
C[C@@H]1C[C@@H](NC(=O)c2nccs2)CCN1C(=O)c1cnns1,ZINC000955560151,337.43,1.418,0,20,EDAD
CCCN1CC[C@@H](NC(=O)Nc2cccc(COC(C)C)c2)C1,ZINC000665860870,319.449,3.217,0,20,DGAD
CC(C)(CC(=O)N1CCC[C@H](NCC[C@H]2CCOC2)C1)C1CC1,ZINC000999115495,322.493,2.82,0,20,DFAD
CC[C@H](C(N)=O)N1CC[C@H]1CN(C)C(=O)c1nc(Cl)sc1C,ZINC001085715543,344.86800000000005,1.515,0,20,EDAD
C=CC(C)(C)CC(=O)NC[C@@H](O)CN=c1cc[nH]cc1C#N,ZINC001105980556,302.378,0.866,30,20,DCED
CN(C)CCN(Cc1ccc(C#N)s1)C[C@H]1CCCO1,ZINC000349065152,293.436,2.162,30,20,CEED
C[C@H](c1nnnn1C)N1CC[C@@H](NC(=O)CCCc2cccnc2)C1,ZINC001378133639,343.435,0.88,0,20,ECAD
Cc1ccccc1CCN(C)S(=O)(=O)c1ccc(F)c(F)c1,ZINC001664113168,325.38,3.136,0,20,EGAD
CCC[C@H]1C[C@@H](C(=O)NC[C@H]2C[C@H](NC(=O)c3cnn[nH]3)C2)CCO1,ZINC000980321538,349.435,1.025,0,20,EDAD
C#C[C@@H](NC(=O)C(=O)NCc1ccn2ccnc2c1)[C@@H]1CCCO1,ZINC000806987478,326.356,0.248,30,20,ECED
O=C(C[C@H]1C=CCC1)NC[C@H](CO)Nc1nc2ccccc2o1,ZINC001121017270,315.373,2.073,0,20,DEAD
CC(C)[C@H](F)C(=O)N(C)[C@@H]1CCN(C(=O)C2(C)CCC2)C1,ZINC001427481922,298.402,2.23,0,20,CEAD
CCCN(C(=O)C1CC1)[C@@H]1CCN(c2ccnc(C)n2)C1,ZINC001102209835,288.395,2.012,0,20,CEAD
C=CCCCN(C)C[C@H]1CCN(C(=O)C[C@@H]2CC=CCC2)C1,ZINC001753352870,304.478,3.479,30,20,DGED
CN1C(=O)CC[C@@H]1CC(=O)N[C@H]1C[C@H]2CC[C@@H]1N2C(=O)C(N)=O,ZINC000999109199,322.365,-1.269,0,20,DAAD
CSc1nc(C(F)F)cc(N2CC([C@H]3CCOC3)C2)n1,ZINC000656184624,301.362,2.609,0,20,DFAD
CC(=O)N[C@@H]1CCN(C(=O)CNC[C@@H]2CCCO2)C1,ZINC000662852653,269.345,-0.508,0,20,CBAD
Cc1nsc(N2C[C@H]3C[C@H]2[C@H]3NC(=O)CCCn2ccnc2C)n1,ZINC001109716508,346.46,1.525,0,20,EDAD
Cn1nccc1C(=O)N1CC[C@@H](NC(=O)CCc2ccccc2F)C1,ZINC001414534883,344.39,1.523,0,20,EDAD
CCC(=O)NCC(=O)N1CC[C@H](CCNc2ccnc(C)n2)C1,ZINC001111595919,319.409,0.962,0,20,DCAD
CO[C@H](C)CN(C)C[C@H](C)NC(=O)C1(c2ccccc2C)CC1,ZINC001367869246,318.461,2.498,0,20,DEAD
CC[C@@H](C(N)=O)N1CCC[C@@H](N(C)C(=O)Cn2nccn2)CC1,ZINC000948407749,322.413,-0.145,0,20,DBAD
C[C@H](NC(=O)CCn1cc(C#N)c(O)nc1=O)C(=O)O,ZINC001573562926,280.24,-1.2,30,20,CAED
COc1cncc(C(=O)N2CC3(C[C@H]2C)CCN(C[C@@H](C)O)CC3)n1,ZINC001086946683,348.44699999999995,1.183,0,20,EDAD
O=C1OCc2cc(-c3ccc4c(c3)OCC4)cc(F)c21,ZINC001241228583,270.259,3.0980000000000003,0,20,CGAD
CC[C@]1(C)CN(S(=O)(=O)c2cccnc2C#N)CCO1,ZINC000428380637,295.3640000000001,1.143,30,20,CDED
CCc1nnc(NC[C@H](C)CNC(=O)c2nc[nH]n2)nc1CC,ZINC001104059133,318.385,0.593,0,20,DCAD
O=C(NCCNCCN1C(=O)CNC1=O)[C@@H]1CCC(=O)N1,ZINC001148428177,297.315,-2.477,0,20,CAAD
CCN(Cc1nc(=O)n(C)[nH]1)[C@H](C)CNC(=O)C1CCN(C)CC1,ZINC001155023501,338.456,-0.223,0,20,EBAD
CCC1=C(C(=O)Nc2cccc(C(C)=O)c2O)CCCO1,ZINC000843889842,289.331,3.008,0,20,CGAD
CCO[C@@H](C)C(=O)NCCCN(C)c1cc(C)nc(CO)n1,ZINC001095474192,310.398,0.645,0,20,DCAD
COc1ccc(CN(C)C)cc1NC(=O)C(=O)N[C@@H]1CCC[C@H]1OC,ZINC000565522010,349.431,1.379,0,20,EDAD
CC(=O)NC[C@@]1(O)CCN(C(=O)CCc2ccccc2C)C1,ZINC001434321920,304.39,1.027,0,20,DDAD
CC[C@@](NC(=O)[C@H](C)c1cccs1)(C(=O)OC)c1ccccc1,ZINC000078117669,331.4369999999999,3.446,0,20,EGAD
CCC[C@H](CN(C)C[C@@H]1CCN(C(C)=O)C1)c1ccccc1,ZINC000180785079,302.462,3.3710000000000004,0,20,DGAD
Cc1nnc(CC(=O)N2CCC[C@@H](O)CC2)s1,ZINC001328402101,255.343,0.762,0,20,CCAD
COc1ccc(N2C[C@@H](C(=O)NCC3(C)CCCC3)CC2=O)cc1,ZINC000342549204,330.42800000000005,2.745,0,20,EFAD
O=C(c1cnn(CC2CC2)c1)N1CCN(C2CCC2)CC1,ZINC000631288402,288.395,1.6030000000000002,0,20,CDAD
CC#CCN1C[C@H]2C(NC(=O)CCc3cnn(C)n3)[C@@H]2C1,ZINC001114843798,287.367,-0.183,30,20,CBED
CCc1cnccc1C(=O)N1CC2(C[C@@H]2C(N)=O)C1,ZINC001275285435,259.309,0.591,0,20,CCAD
Cc1cnn(CC2CC2)c1NC(=O)C(=O)Nc1cc[nH]n1,ZINC001343643177,288.311,0.902,0,20,CCAD
C#CCNC(=O)CNCCN(C)C(=O)C[C@@H](C)c1ccncc1,ZINC001753202155,316.405,0.373,30,20,DCED
CCN(C)C(=O)CNC(=O)CCC(=O)NCCNC(C)=O,ZINC000274967132,300.3590000000001,-1.3869999999999998,0,20,DAAD
CCCN[C@@H](C)[C@@H]1CCCN(C(=O)c2cnc(C(C)(C)C)nc2)C1,ZINC001667352660,332.492,3.014,0,20,EGAD
CN1CCN(S(=O)(=O)N2CCn3cnnc3C2)CC1,ZINC001364771309,286.361,-1.414,0,20,CAAD
Cn1c(Cl)cnc1CN1CCN(C(=O)OC(C)(C)C)CC1,ZINC000298289558,314.817,2.126,0,20,DEAD
CC(C)(C)NC(=O)CCNC(=O)c1c[nH]cc1-c1ccc(F)cc1,ZINC000359174412,331.391,2.855,0,20,EFAD
CCC[C@@H]1CN(C(=O)C(=O)NCC[S@@](C)=O)CCO1,ZINC000804993462,290.385,-0.491,0,20,CBAD
COCc1cccc(NC(=O)C(=O)Nc2ccc3c(c2)COC3)c1,ZINC000129851395,326.3520000000001,2.44,0,20,EEAD
CN(C(=O)c1cnn(C)n1)[C@@H]1CCN(CC(N)=O)C1,ZINC001033502190,266.305,-1.5530000000000002,0,20,CAAD
COc1cc(F)c(C(=O)N2CCN(S(N)(=O)=O)CC2)cc1OC,ZINC000268446089,347.36800000000005,-0.196,0,20,EBAD
COC(=O)NCCC(=O)O[C@@H](C)c1nnnn1C1CC1,ZINC000497218942,283.288,0.358,0,20,CCAD
CCNC(=O)CC(=O)N1C[C@@H]2C[C@@H]1C[C@@H](NC(=O)Cn1ncnn1)C2,ZINC001047539634,349.395,-1.305,0,20,EAAD
CC[C@@H](C(=O)N[C@@H]1CCc2cc(C)ccc21)N(CC)CC,ZINC000345978815,288.435,3.219,0,20,CGAD
Cc1ccsc1CCNC(=O)N1Cc2ccccc2C1,ZINC000540200802,286.4,3.324,0,20,CGAD
Cc1csc(C(=O)NCC[C@H]2CCN(CCF)C2)c1Cl,ZINC001713728153,318.845,3.1210000000000004,0,20,DGAD
COC(=O)[C@H]1C[C@H]1C(=O)NC1CN(CCc2ccc(C)cc2)C1,ZINC001030154584,316.401,1.147,0,20,DDAD
O=C([C@@H]1C[C@@H]1F)N1CCN(C(=O)N2CCCC2)CC1,ZINC001123583793,269.32,0.7040000000000001,0,20,CCAD
COCc1nn(CC(=O)c2ccc(NC(N)=O)cc2)c(=O)o1,ZINC000348124716,306.278,0.35600000000000004,0,20,DCAD
NCCN(CCN[C@H]1CC2CCN(CC2)C1)N(O)N=O,ZINC001254843017,286.38,-0.391,0,20,CBAD
O=C(CN1CCOCC1=O)NCCNCCCCCF,ZINC001129573888,289.351,-0.309,0,20,CBAD
CCn1nncc1C(=O)N(C)C1CC(NC[C@@H](O)COC)C1,ZINC001426219716,311.386,-0.502,0,20,DBAD
COC(=O)N1CCN(C(=O)C(=O)N2CC(=O)N(C)C[C@H]2C)CC1,ZINC001348287885,326.353,-1.414,0,20,EAAD
NC(=O)c1ccc(C(=O)N2CCC[C@@H]2CNCc2ncccn2)[nH]1,ZINC001035052736,328.376,0.298,0,20,ECAD
O=C(C[C@@H]1CCC(=O)NC1)NC1CN(C(=O)Cn2ncnn2)C1,ZINC000993389747,321.341,-2.084,0,20,DAAD
CC(C)[C@H](C)C(=O)N1CCC[C@@H](NC(=O)c2cscn2)C1,ZINC000952094650,309.435,2.156,0,20,DEAD
CCC(=O)N1CCC[C@@H]2CN(c3ccncc3C#N)CC[C@H]21,ZINC001059517121,298.39,2.181,30,20,CEED
C[C@@H](CNC(=O)[C@H]1C[C@H]1C(N)=O)NC(=O)c1ccc2cc[nH]c2n1,ZINC001386494349,329.36,-0.081,0,20,EBAD
CC(C)Cn1cc(C(=O)Nc2ccc(N(C)CCO)cc2)cn1,ZINC000183384884,316.405,2.22,0,20,DEAD
COC(=O)c1cc(CNc2ccc(C(=O)O)c(F)c2)oc1C,ZINC000831248759,307.277,2.824,0,20,DFAD
COc1ccc(CN2C[C@H](O)[C@@H](CNC(=O)c3cnn(C)c3)C2)nn1,ZINC000957855682,346.391,-0.5589999999999999,0,20,EBAD
Cc1cnc(NC(=O)[C@]2(C#N)C[C@H]2C)nc1-c1ccccc1,ZINC000410797068,292.342,2.94,30,20,CFED
Cn1nncc1CNC[C@@H]1CN(C(=O)[C@H]2CCC(=O)N2)CCO1,ZINC001051489918,322.369,-1.589,0,20,DAAD
CCN(C(=O)[C@H]1CCC(=O)NC1)C1CN(C(=O)c2cnns2)C1,ZINC000968132707,337.405,-0.263,0,20,EBAD
O=C(NCC[C@]1(O)CCCOC1)N1C[C@@H]2CCCC[C@@H]2C1,ZINC000651451347,296.411,1.75,0,20,CDAD
COC[C@@H](C)NCC[C@H]1CCN(C(=O)Cn2ncnn2)C1,ZINC001407691245,296.375,-0.464,0,20,CBAD
O=C(Nc1cc(O)nc(=O)n1C1CC1)c1ncon1,ZINC001192029467,263.213,-0.081,0,20,CBAD
COCCCCN1CCCN(C(=O)C2(C)CC(F)(F)C2)CC1,ZINC001197776869,318.408,2.383,0,20,DEAD
Cn1ccnc1OC(=O)[C@H](O)COP(=O)(O)O,ZINC001228318767,266.146,-1.204,0,20,CAAD
C[C@H]1C[C@@H](CNCc2cncc(F)c2)CN1C(=O)Cn1cnnc1O,ZINC000980506932,348.38199999999995,0.545,0,20,ECAD
CN(CC(=O)N1CCN(C)CC1)c1nnnn1CCc1ccccn1,ZINC001647443534,344.423,-0.479,0,20,EBAD
COC[C@@]1(C)CN(CCc2cn(CC(=O)O)nn2)CCO1,ZINC001606837804,298.343,-0.358,0,20,CBAD
Cc1cc(C(=O)N[C@@H]2CCCCN(Cc3c(C)noc3C)C2)nn1C,ZINC001034120276,345.44699999999995,2.1180000000000003,0,20,EEAD
COc1cc(C(=O)N2CCC[C@H](NCC#N)C2)cc(OC)n1,ZINC000999605927,304.35,0.8170000000000001,30,20,DCED
Cc1cc(C)cc(CN(C)[C@@H](C)CNC(=O)C2CCCC2)c1,ZINC001275757062,302.462,3.43,0,20,DGAD
CC(=O)c1ccc(C(=O)N(C)CC2(O)CCC2)cc1,ZINC000332488878,261.321,1.876,0,20,CDAD
CCOC(=O)c1ncc(-c2cncc(OC(C)C)c2)cn1,ZINC001236520245,287.319,2.503,0,20,CFAD
O=C(NC[C@@H]1CN2CCN1CC2)c1ccc(-c2ccco2)[nH]c1=O,ZINC000178788006,328.372,0.365,0,20,ECAD
NC(=O)NCCC(=O)NC[C@H]1C[C@@H](NC(=O)c2ccncc2F)C1,ZINC001429083123,337.355,-0.096,0,20,EBAD
C[C@@H](N[C@@H](C)CCNC(=O)C1CCCC1)c1nc(C2CC2)no1,ZINC001377003446,320.437,2.6830000000000003,0,20,DFAD
CC[C@@H]1NCC[C@H]1C(=O)NCC(=O)N1CCNCC1,ZINC000578131123,268.361,-1.078,0,20,CAAD
CCC(=O)N1CCC(NC(=O)Cc2ccc3c(c2)CCCO3)CC1,ZINC000943090749,330.42800000000005,2.071,0,20,EEAD
C[C@H]1CN(C(=O)c2cccc(CNc3ccncn3)c2)C[C@@H](CO)O1,ZINC000347539718,342.399,1.311,0,20,ECAD
Cc1ncsc1C(=O)N[C@H]1C[C@H](c2ccc(F)cc2)C1,ZINC000292429163,290.363,3.267,0,20,CGAD
CCCCN(C)C[C@@H]1CCCN1C(=O)Cc1cccnc1C,ZINC001447771228,303.45,2.655,0,20,DFAD
N#CCN(C1CCCC1)S(=O)(=O)c1cc(Cl)cc(C(=O)O)c1,ZINC000833066390,342.8040000000001,2.495,30,20,EEED
CN(C)c1ccc(C(=O)N[C@H]2CCO[C@H](C(C)(C)C)C2)cc1,ZINC000270869620,304.434,3.076,0,20,DGAD
C[C@@H]1CN(C(=O)CN2C(=O)CNC2=O)C[C@@H](C)S1(=O)=O,ZINC001327615180,303.34,-1.4280000000000002,0,20,DAAD
CCC(C)(C)C(=O)N1CCN(C(=O)C[C@@H](C)N2CCCC2=O)CC1,ZINC001011572046,337.464,1.494,0,20,EDAD
C[C@H](CCO)CCNC(=O)Nc1ccnc(N(C)C)c1,ZINC000640599304,280.372,1.6780000000000002,0,20,CDAD
CN(CCc1cccs1)[C@@H]1CCCN(C(=O)CCc2ncc[nH]2)C1,ZINC001027388508,346.5,2.569,0,20,EFAD
C[C@H](C#N)C(=O)NCCN(C[C@@H](O)Cn1cccn1)C1CC1,ZINC001377521030,305.382,-0.016,30,20,DBED
CC(C)Cc1cc(C(=O)NC[C@@H]2CNCCO2)cc(O)n1,ZINC000423984459,293.367,0.7040000000000001,0,20,CCAD
C[C@H](c1nccn1-c1ccccc1)S(=O)(=O)[C@@H]1CCCOC1,ZINC000287023151,320.414,2.527,0,20,DFAD
C=CCC1(CNC(=O)CC2(CS(C)(=O)=O)CC2)CCCC1,ZINC000456487616,313.463,2.454,30,20,DEED
CC1(C)[C@@]2(C)CC[C@]1(C(=O)Nc1cccc(N)c1)OC2=O,ZINC001218826630,288.347,2.329,0,20,CEAD
Cc1ccn(CC(=O)NC2CN(C(=O)c3cnn[nH]3)C2)n1,ZINC000999981130,289.2990000000001,-1.05,0,20,CAAD
CC(C)(C)[C@H](NC(=O)Nc1ccc(OC(F)F)cn1)C(N)=O,ZINC000455558769,316.308,1.705,0,20,DDAD
CC[C@@H](CC(F)(F)F)NS(=O)(=O)N(CC)CC1CC1,ZINC000361813987,302.362,2.2840000000000003,0,20,DEAD
CC(C)c1nc([C@@H]2CCCN2c2ncc3c(c2C#N)CCC3)no1,ZINC000567718293,323.4,3.29,30,20,DGED
C[C@@H]1CN(Cc2nncn2C)C[C@H]1NC(=O)c1cncnc1,ZINC001079608496,301.3540000000001,-0.145,0,20,DBAD
N#Cc1ccc([C@@H](OC(=O)/C=C/c2ccco2)C(=O)O)cc1,ZINC000739107287,297.266,2.5340000000000003,30,20,CFED
COCCN1CCN([C@H](C)C(=O)NCC(=O)O)CC1=O,ZINC000833725122,287.316,-1.634,0,20,CAAD
O=C(CC1=CCOCC1)N(CCO)CCNC(=O)c1cn[nH]c1,ZINC001058732724,322.365,-0.303,0,20,DBAD
CCC1(C(=O)NC[C@H](C)CNc2cnc(F)cn2)CCCCC1,ZINC001103992468,322.428,3.14,0,20,DGAD
Cc1cc(CNC[C@H](CC(C)C)NC(=O)C2CCC2)on1,ZINC001367406327,293.411,2.404,0,20,CEAD
CC(=O)NCc1nc2c(s1)CCN(C(=O)[C@@H]1CCC(=O)N1)C2,ZINC000990617823,322.39,-0.058,0,20,DBAD
CCc1cc(CNC(=O)[C@@H]2COCCN2CC(F)F)on1,ZINC001417650461,303.309,0.8190000000000001,0,20,DCAD
CC(C)(C(=O)N[C@H]1CCN(C[C@H]2CCNC(=O)CC2)C1)C1CCCC1,ZINC001014751078,349.519,2.31,0,20,EEAD
O=C(NCC1CN(Cc2cscn2)C1)[C@@H]1CCC(=O)N1,ZINC001032139059,294.38,-0.03,0,20,CBAD
CO[C@H](C(=O)N[C@H]1CCC[C@]1(C)C(=O)O)c1cnn(C)c1,ZINC000909993880,295.339,0.867,0,20,CCAD
O=C(O)C1(CCN2CCC[C@@H](CO)[C@H]2CO)CCC1,ZINC001574638727,271.357,0.6970000000000001,0,20,CCAD
CC(C)c1nnc(CNC(=O)N(C)[C@H]2CC2(C)C)s1,ZINC000572552441,282.413,2.6010000000000004,0,20,CFAD
CC[C@H](OC(=O)c1cccc(OC)c1OC(F)F)C(=O)O,ZINC001589580251,304.245,2.317,0,20,DEAD
COc1ccc(NC(=O)c2cnn(C)c2C2CC2)c2cccnc12,ZINC000299416554,322.368,3.107,0,20,DGAD
COCC[C@@H](C)C(=O)N[C@@H](C)CCCCNc1cncc(Cl)n1,ZINC001090093075,342.871,2.89,0,20,EFAD
Cc1nc(CN[C@@H]2CCN(C(=O)[C@H]3C[C@H]4C[C@H]4C3)C[C@@H]2C)c(C)o1,ZINC001036152508,331.46,2.664,0,20,EFAD
COc1c(CN(C)Cc2cnc(C)nc2)ccc(F)c1F,ZINC001238468544,293.317,2.704,0,20,CFAD
O=C(NCc1ccccc1CN1CCCC1=O)NC(C1CC1)C1CC1,ZINC000029731000,341.455,2.797,0,20,EFAD
Cc1cc(C(F)(F)F)ccc1C(=O)NCC[C@@H]1CCCN(C)C1,ZINC000458206020,328.3780000000001,3.4760000000000004,0,20,EGAD
OC[C@@H]1CNC[C@H]1NC(=S)Nc1ccc(F)cc1F,ZINC001239377315,287.335,0.8320000000000001,0,20,CCAD
COc1ccc([C@H]2CCN(C(=O)/C=C/c3cccnc3C)C2)cc1,ZINC000493048181,322.408,3.428,0,20,DGAD
CCc1cnccc1C(=O)N1C[C@H]2CC[C@H]1[C@@H](NCCOC)C2,ZINC001204501827,317.433,1.873,0,20,DDAD
CCOC(=O)[C@H]1CC[C@H](Oc2cc(F)c(Cl)cc2[N+](=O)[O-])CO1,ZINC001227157803,347.726,2.877,5,20,EFBD
C[C@H](CN1CCC[C@@H](C)C1)Nc1nc(Cl)cs1,ZINC000858361378,273.833,3.329,0,20,CGAD
C[C@H](CC(=O)N1CCC(CNCCCF)CC1)n1cccc1,ZINC001206881554,309.4290000000001,2.627,0,20,DFAD
CC[C@@H](OC)C(=O)NC[C@H]1C[C@@H](NC(=O)c2ccc(OC)cc2)C1,ZINC001384937822,334.416,1.745,0,20,EDAD
O=C(N[C@@H](CO)C(=O)N[C@@H]1CCCN(O)C1=O)c1cccc(F)n1,ZINC000848129785,340.311,-1.192,30,20,EAED
CC[C@@H](C)NC(=O)Cn1cc(S(N)(=O)=O)nn1,ZINC001656687012,261.307,-1.16,0,20,CAAD
COc1ccc(C(=O)N2CCCCC[C@H](NC(C)=O)C2)o1,ZINC000987123535,294.351,1.809,0,20,CDAD
CC(C)NC(=O)CNC[C@@H](C)CNC(=O)[C@H](C)NC(N)=O,ZINC001438479665,301.391,-1.09,0,20,DAAD
O=C(NCc1cc(Br)ccn1)c1cnc[nH]1,ZINC001363120076,281.113,1.497,0,20,CDAD
Cc1nocc1CN[C@@H]1C[C@H]2CC[C@H]1N(C(=O)Cc1cnc[nH]1)C2,ZINC001079051192,329.404,1.418,0,20,EDAD
CCCC(=O)NCCN(C)C(=O)c1csc2ccccc12,ZINC001495804579,304.415,2.89,0,20,DFAD
O=C(NCC1(O)CN(C(=O)[C@@H]2COCCO2)C1)[C@H]1[C@@H]2CCC[C@@H]21,ZINC001042387866,324.377,-0.863,0,20,DBAD
C[C@H](CC(N)=O)C(=O)NC1CN(C(=O)Cn2ccccc2=O)C1,ZINC001416038470,320.349,-1.3130000000000002,0,20,DAAD
CN(Cc1cnc(Cl)s1)[C@@H]1CCN(C(=O)[C@@H]2CCNC2=O)C1,ZINC000972080199,342.852,0.965,0,20,ECAD
CNC(=O)CN1CC[C@@H](CNC(=O)c2ccc(-c3cnc[nH]3)cc2)C1,ZINC001028906067,341.415,0.8740000000000001,0,20,ECAD
Fc1cc(F)c2c(c1)CC[C@H](N[C@H]([C@@H]1CCCNC1)C(F)(F)F)C2,ZINC001246490514,348.3590000000001,3.342,0,20,EGAD
CCNC(=O)c1ccc(NC(=O)NC(C)(C)C2CC2)c(C)c1,ZINC000535039412,303.406,3.055,0,20,DGAD
CO[C@@H]1C[C@H](NC(=O)Nc2ccnn2CC2CC2)C12CCC2,ZINC000839044612,304.394,2.372,0,20,DEAD
CCc1nnc(C)cc1C(=O)NCC1(NC(=O)[C@@H](C)OC)CC1,ZINC001433923829,320.393,0.7609999999999999,0,20,DCAD
CC[C@@H](NC(=O)[C@@H]1CC(=O)N1)C(=O)N1CCOCC1,ZINC000612073575,269.301,-1.372,0,20,CAAD
CCN1CC[C@H](N(C)c2nc(CCOC)ns2)C[C@@H]1C,ZINC000444829918,298.456,2.036,0,20,CEAD
CCOc1ccc(S(=O)(=O)N2CCN(CCOC)[C@@H](C)C2)cn1,ZINC000273279267,343.449,0.8220000000000001,0,20,ECAD
O=C(Cc1ncc[nH]1)N[C@@H]1CN(C(=O)[C@H]2CC=CCC2)C[C@H]1O,ZINC001025300899,318.377,-0.004,0,20,DBAD
COC(=O)[C@@H](Nc1cc(N2CCCC2)ncn1)C(C)(C)N,ZINC001162941801,293.371,0.768,0,20,CCAD
CCN(CC)CC(=O)N1CCC[C@H]2CN(C(=O)[C@@H]3C[C@H]3C)C[C@H]21,ZINC001056671103,321.465,1.4340000000000002,0,20,DDAD
CCOC(=O)C1=C(NC(=O)CNC(=O)[C@@H]2CCCN2)CCNC1,ZINC001220522950,324.381,-1.219,0,20,DAAD
CO[C@@H]1CCC[C@H]1C(=O)NC/C=C/CNc1cncc(Cl)n1,ZINC001107395396,324.812,2.029,0,20,DEAD
C/C=C(\C)C(=O)N1C[C@@H]2CN(C(=O)CNS(=O)(=O)NC)C[C@@H]2C1,ZINC001055277051,344.4369999999999,-1.077,0,20,EAAD
O=C(Cn1nccn1)N[C@H]1CCN(C(=O)Cc2cnoc2)C[C@H]1O,ZINC000991502961,334.336,-1.413,0,20,EAAD
NC[C@@H]1OCC[C@@H]1C(=O)NCCOc1ccc(C(=O)O)cc1,ZINC001601186828,308.334,0.244,0,20,DCAD
CCCn1ncnc1CSCC(=O)Nc1ccc(C)c(C)c1,ZINC001324916572,318.446,3.177,0,20,DGAD
CSc1ccnc(N2CCCCC23CCNCC3)c1,ZINC001165340879,277.437,2.9160000000000004,0,20,CFAD
C[C@H]1CN(C(=O)CN2C(=O)CNC2=O)CC[C@@H]1CNCCO,ZINC001185639047,312.37,-1.395,0,20,DAAD
CO[C@@H](C(=O)NC1CN(C(=O)c2cnnn2C)C1)c1cnn(C)c1,ZINC001374716354,333.352,-1.123,0,20,EAAD
Cc1c[nH]cc1C(=O)NC[C@H]1CN(CCCc2nc(C)no2)C[C@@H]1O,ZINC000958677779,347.4190000000001,0.67,0,20,ECAD
CN1CC[C@H](CNC(=O)NCCOc2ccccc2F)CC1=O,ZINC000566969941,323.368,1.372,0,20,DDAD
Cc1nonc1CC(=O)N1C[C@@H](NC(=O)Cn2ncnn2)C[C@H]1C,ZINC001014008750,334.34,-1.287,0,20,EAAD
CC(C)NC(=O)Nc1ccc(C(=O)N(C)C[C@@H](O)C(F)(F)F)cc1,ZINC000180830829,347.337,2.212,0,20,EEAD
C[C@H]1CNC[C@@H](CNC(=O)[C@@H](N)Cc2cscn2)C1,ZINC001219639276,282.413,0.375,0,20,CCAD
Cc1nc2ccccn2c1CNC(=O)N1CCN(CC(C)C)CC1,ZINC000898972899,329.4480000000001,2.126,0,20,EEAD
C[C@@H](C[C@@H]1COCCN1)NCc1cccc(Oc2ccccc2F)c1,ZINC000650741110,344.43,3.475,0,20,EGAD
N#Cc1ccc(S(=O)(=O)N2CCN(C(=O)CO)CC2)cn1,ZINC000408209271,310.335,-1.222,30,20,DAED
CCc1cccc(C(=O)NC2CN(C(=O)c3cc(C)ccc3C)C2)n1,ZINC000994229534,337.423,2.515,0,20,EFAD
NC(=O)CC(=O)N[C@@H]1CN(C(=O)c2c[nH]cc2C2CC2)C[C@H]1O,ZINC001756987165,320.349,-0.931,0,20,DBAD
Cc1ccc2cccnc2c1O[C@@H]1CC[C@@H]2CNC[C@H]12,ZINC001218461134,268.36,2.92,0,20,CFAD
Cc1ccoc1C(=O)N[C@@H](C)CNC(=O)[C@H](C)C1CCCC1,ZINC001452737605,306.406,2.649,0,20,DFAD
C/C=C(/C)C(=O)NCCN(CCO)C(=O)c1c[nH]c(C(N)=O)c1,ZINC001057645981,322.365,-0.37,0,20,DBAD
CC(C)c1nnc(CN[C@H](C)C[C@H](C)NC(=O)CCN(C)C)s1,ZINC001135371775,341.525,1.986,0,20,EDAD
C=CC[C@H](NC(=O)c1cn(CCCC)nc1C)C(=O)OCC,ZINC001325706577,307.394,2.229,30,20,DEED
C[C@H](CCCO)CNC(=O)[C@@H]1Oc2ccccc2O[C@H]1C,ZINC000384743351,293.363,1.74,0,20,CDAD
O=C(c1ccc(F)nc1)N1CCC[C@H](NC/C(Cl)=C\Cl)C1,ZINC001207697831,332.206,2.734,0,20,EFAD
Clc1cc(-c2cnn(C[C@@H]3CCOC3)c2)ccn1,ZINC000863679094,263.728,2.635,0,20,CFAD
CO[C@H](c1nc(Cc2ccc(F)c(F)c2)no1)C(C)C,ZINC000347043967,282.29,3.282,0,20,CGAD
CCOC1CC(C(=O)N2CC(NC(=O)[C@H]3CCS(=O)(=O)N3)C2)C1,ZINC000991821630,345.421,-1.18,0,20,EAAD
CC(=O)N1CC(C(=O)NCC[C@H](C)NC(=O)c2nc[nH]n2)C1,ZINC001076286011,308.342,-1.092,0,20,DAAD
CCc1[nH]nc(C(=O)N(C)[C@H](C)c2ccc(F)cc2)c1[N+](=O)[O-],ZINC000171369166,320.324,2.853,5,20,DFBD
CC[C@@H](C)CN1CCC2(CN(C(=O)c3cnoc3-c3ccco3)C2)C1,ZINC001072861831,343.427,3.129,0,20,EGAD
C[C@@H]1CN(CN2C(=O)CC23CCCC3)C[C@H](C)N1CCO,ZINC000844707633,295.427,0.8759999999999999,0,20,CCAD
Cc1conc1CN1CC(CNC(=O)C2CC(c3ccccc3)C2)C1,ZINC001032222417,339.439,2.725,0,20,EFAD
NC(=O)[C@H](CO)NC(=O)C[C@@H](n1cccn1)C(F)(F)F,ZINC001649903372,294.233,-0.6609999999999999,0,20,CBAD
CCc1ncnc(Cl)c1N1CCC[C@H](O)[C@@H](C)C1,ZINC001164217792,269.776,2.29,0,20,CEAD
COc1c(O)nc(O)nc1C(=O)N(C)C1CC(NC(=O)C(N)=O)C1,ZINC001016762955,339.30800000000005,-1.899,0,20,EAAD
Cc1cc(C(=O)N2CC[C@@H](NC(=O)c3cnccn3)C2)oc1C,ZINC000939191654,314.345,1.331,0,20,DDAD
C[C@H](C[C@H](C)NC(=O)OC(C)(C)C)NC(=O)[C@@H]1CC=CC[C@H]1C,ZINC000497252045,324.465,3.397,0,20,DGAD
O=Cc1ccc(OC(=O)[C@@H]2CC(=O)N(c3ccc(F)cc3)C2)cc1,ZINC000000614009,327.311,2.597,0,50,EFAA
O=C(CCC1CCC1)NC[C@H]1CC[C@@H](NC(=O)CCC2CC2)C1,ZINC001281225913,320.4770000000001,3.158,0,20,DGAD
CCN(C(=O)COC)[C@@H]1CCN(Cc2snnc2C)C1,ZINC001438248397,298.4120000000001,0.916,0,20,CCAD
Cc1cnn([C@H]2CCN(c3ccc(S(N)(=O)=O)cn3)C2)c1,ZINC000357802500,307.379,0.685,0,20,DCAD
CC(=O)N[C@H]1CN(C[C@H]2CCC(F)(F)C2)CC1(C)C,ZINC000972720603,274.355,2.268,0,20,CEAD
CCN(CC(C)C)C(=O)c1cn(-c2cccc([N+](=O)[O-])c2)nn1,ZINC000109085552,317.349,2.294,5,20,DEBD
NC(=O)c1cc(NC(=O)CCSc2ccc(F)cc2)ccc1F,ZINC000033063642,336.36300000000006,3.185,0,20,EGAD
CCOCC(=O)N[C@@H]1CN(C[C@H](O)COCCOC)C[C@@H]1O,ZINC001219144921,320.386,-1.7919999999999998,0,20,DAAD
NC(=O)CC(=O)N1CC2(C1)CN(C(=O)c1cc3n(n1)CCC3)CCO2,ZINC000965404695,347.375,-1.242,0,20,EAAD
CN(C(=O)c1cncc2nc(C(F)(F)F)[nH]c21)C(C1CC1)C1CC1,ZINC000900440549,338.333,3.237,0,20,EGAD
CCc1nc(C)cc(N2C[C@@H](NC(=O)c3cnnn3CC)[C@@H](O)C2)n1,ZINC001043922552,345.407,-0.062,0,20,EBAD
CO[C@@H]1CCC[C@@H]1C(=O)NCCNCc1nnn(C)n1,ZINC001130501322,282.348,-0.769,0,20,CBAD
COc1c(C(=O)N2C[C@@H](O)[C@H](NC(=O)C(N)=O)C2)cnn1C,ZINC001025381675,311.298,-2.785,0,20,DAAD
COC[C@](C)(CC(=O)O)NC[C@H](O)c1ccc(F)cc1C,ZINC000831577883,299.342,1.6369999999999998,0,20,CDAD
C[C@@H]1CC[C@@H](OC(=O)[C@@H]2CCN(c3ccccc3)C2)C1,ZINC000835279797,273.376,3.245,0,20,CGAD
CC(=O)N[C@H](C)C(=O)NC1(CNCCC[C@@H](C)O)CCCC1,ZINC001753499381,313.442,0.691,0,20,DCAD
C#C[C@@H](NC(=O)CNc1cccc(C(F)(F)F)c1)C(C)C,ZINC000799047227,298.308,2.891,30,20,CFED
O=C(NC[C@H]1CCCS1)[C@@H](O)Cc1ccccc1Cl,ZINC000357356782,299.823,2.255,0,20,CEAD
CC(=O)N(C)C[C@H]1CCN1C(=O)[C@H]1CCS(=O)(=O)N1,ZINC000977226416,289.357,-1.243,0,20,CAAD
C[C@H](C#N)CN(C)C(=O)C(=O)Nc1ccccc1OC(F)(F)F,ZINC000437422627,329.278,2.142,30,20,EEED
FCCOCCNc1ccc2ccc(F)cc2n1,ZINC000664673563,252.264,2.772,0,20,CFAD
CC(=O)NCC(C)(C)C(=O)N1C[C@@H](C)[C@@H](NC(=O)c2ccoc2)C1,ZINC001417450250,335.404,1.019,0,20,EDAD
CNC(=O)CN1C[C@@H]2CCN(C(=O)COC3CCCCC3)[C@@H]2C1,ZINC001075972931,323.437,0.614,0,20,DCAD
CCOCC1(C(=O)NC[C@@H]2CCN2C(=O)CC)CC1,ZINC001534881643,268.357,0.93,0,20,CCAD
O=C(O)[C@H]1C[C@@H](O)CN1C(=O)CSc1nc2ccccc2o1,ZINC000314257332,322.342,0.966,0,20,DCAD
COc1ccc(COC[C@H](O)CNC[C@@H]2CCN2C)cc1,ZINC000905555399,294.395,0.866,0,20,CCAD
C#CCNC(=O)[C@@H](C)N1CCN(C(=O)[C@H](C)N2C(=O)CCC2=O)CC1,ZINC001112921249,348.403,-1.194,30,20,EAED
CN(C(=O)[C@H]1CCCS1(=O)=O)[C@H]1CCN(CC(N)=O)C1,ZINC001033675465,303.384,-1.418,0,20,DAAD
CCC(=O)NCC(=O)N[C@H](CNC(=O)c1cnccn1)C1CCCC1,ZINC001379565932,347.4190000000001,0.408,0,20,ECAD
C[C@@H](CNCC(=O)N1CCCC1)N(C)C(=O)c1ncccc1F,ZINC001482343039,322.384,0.893,0,20,DCAD
CCO[C@H](CC)C(=O)N(C)CCCN(C)C(=O)c1cc2c([nH]1)CCC2,ZINC001066963097,349.475,2.239,0,20,EEAD
COC[C@](C)(NC(=O)[C@H]1CCC(=O)N1)C(=O)OC,ZINC001116247818,258.274,-1.041,0,20,CAAD
O=C([C@@H]1C[C@@H]2CC[C@H]1N2)N1CCC[C@@H]2CCCC[C@@H]21,ZINC001340808040,262.397,2.3080000000000003,0,20,CEAD
COC(=O)c1c(C)cc(C)nc1-c1ccccc1CN(C)C,ZINC001239679460,298.386,3.214,0,20,CGAD
Cc1nnc([C@H](C)N2[C@H]3CCC[C@H]2CN(C(=O)C2(CF)CC2)C3)o1,ZINC001039906944,336.411,2.254,0,20,EEAD
CCc1nnc(N(CC)C(C)C)n1Cc1ccc(C)s1,ZINC001498742048,292.452,3.4930000000000003,0,20,CGAD
C[C@@H](CNC(=O)Cn1cnnn1)CNC(=O)[C@@H](C)c1cnn(C)c1,ZINC001409656317,334.384,-0.921,0,20,EBAD
CC(C(=O)N1CC[C@@H](NC(=O)C(C)(F)F)[C@@H](C)C1)=C1CCCC1,ZINC000945260259,328.403,2.885,0,20,EFAD
CS[C@H](CO)[C@@H](C)NCc1ccc(C(=O)N(C)C)[nH]1,ZINC000304835138,285.413,0.919,0,20,CCAD
CC(=O)NCC(=O)NC1CCC(NC(=O)[C@H](C)C#N)CC1,ZINC001526289002,294.355,-0.174,30,20,CBED
Cn1nccc1[C@@H](NCc1csc(C2CC2)n1)C(=O)O,ZINC000644597930,292.3640000000001,1.67,0,20,CDAD
COc1c(F)cccc1CN1CCN(C2CCCC2)C(=O)C1,ZINC001143533288,306.381,2.421,0,20,DEAD
C[C@H](NCCNC(=O)c1coc(S(N)(=O)=O)c1)c1nnnn1C,ZINC001130426865,343.369,-1.469,0,20,EAAD
Cc1csc(C(=O)N[C@H](C)c2cnn(C)c2)c1Cl,ZINC000276613714,283.784,2.934,0,20,CFAD
CC(C)C(=O)Nc1ccc(NC(=O)C(=O)N2C[C@H](C)[C@@H](CO)C2)cc1,ZINC000362009302,347.415,1.306,0,20,EDAD
Cc1cc(S(=O)(=O)N2CCCN(C(N)=O)CC2)cnc1Cl,ZINC000078771407,332.8130000000001,0.8190000000000001,0,20,ECAD
CC(C)N1C[C@H](NC(=O)[C@@H]2CN3CCN2C[C@H]3C)CC1=O,ZINC001548638746,294.399,-0.5,0,20,CBAD
O=C(COCC(F)(F)F)Nc1ccc(OCc2ccncc2)cc1,ZINC000264181062,340.301,3.178,0,20,EGAD
Cn1nnc(Cn2c(CN3CCCC3=O)nnc2N2CCOCC2)n1,ZINC001618494963,347.3830000000001,-1.1909999999999998,0,20,EAAD
C[C@@H](CNc1nc(-c2ccccc2)ns1)NC(=O)CC1(O)CCC1,ZINC001108342671,346.456,2.427,0,20,EEAD
Cc1cnn(C)c1C(=O)N[C@@]1(C)CCN(C(=O)c2nnn(C)n2)C1,ZINC000957345152,332.36800000000005,-0.713,0,20,EBAD
OCc1cc(-c2nn[nH]n2)ccc1N[C@@H](C1CCC1)[C@@H]1CCCO1,ZINC001593533525,329.404,2.119,0,20,EEAD
C[C@H](NC(=O)NCc1nnn(C)n1)c1cnn(C)c1,ZINC001320943330,264.293,-0.496,0,20,CBAD
O=C(NC[C@@H]1CCCC[C@H]1C(F)(F)F)NCC1(CO)CC1,ZINC000674034596,308.344,2.427,0,20,DEAD
O=C(NCC#Cc1cccc(F)c1)C1CN(CC(F)(F)F)C1,ZINC000338245497,314.282,1.788,30,20,DDED
CCC(=O)N1CCC[C@H](CN(C)C(=O)c2cc(C(N)=O)cn2C)C1,ZINC000965718840,334.42,0.845,0,20,ECAD
Cc1nonc1CC(=O)N1C[C@H]2C(NC(=O)[C@@H]3CC(=O)N(C)C3)[C@@H]2C1,ZINC001013247798,347.375,-1.028,0,20,EAAD
CCC[C@H](C(=O)N1CCN(C(=O)c2cncc(C)c2)CC1)C(C)C,ZINC001491005647,331.46,2.747,0,20,EFAD
C[C@H](C(=O)N1CC(NC(=O)[C@H]2CCc3nnnn3CC2)C1)C1CCC1,ZINC001000327099,346.435,0.389,0,20,ECAD
CCCN(CCNC(=O)c1cc2ccccn2c1)C[C@H]1CCCCO1,ZINC001391138314,343.471,2.95,0,20,EFAD
C[C@]1(NC(=O)CC2CC2)CCN(C(=O)[C@H]2COCCO2)C1,ZINC001536725677,296.367,0.309,0,20,CCAD
O=C(N1CCCOCC1)C(F)(F)C(=O)N1CCCOCC1,ZINC000865921241,306.309,0.12,0,20,DCAD
COC[C@@H](OC)C(=O)N1CCCC[C@H]1CNC(=O)Cc1ccon1,ZINC001082282408,339.392,0.376,0,20,ECAD
CC(C)N(C)C(=O)CN1C[C@H]2C(NC(=O)[C@H]3CNC(=O)N3)[C@@H]2C1,ZINC001114746658,323.397,-1.419,0,20,DAAD
Cc1cnn(C)c1C(=O)NC1CN(C(=O)[C@H]2CCOC2)C1,ZINC000997904309,292.339,-0.294,0,20,CBAD
COC(=O)c1ccncc1S(=O)(=O)NC[C@](C)(O)C(=O)O,ZINC001777130702,318.307,-1.018,0,20,DAAD
O=C(NC[C@H]1C[C@H](NC[C@H]2C[C@H]3CC[C@H]2O3)C1)C12CCC(CC1)CC2,ZINC001086556617,346.515,3.009,0,20,EGAD
CNC(=O)[C@@H]1CN(C(=O)C(=O)N2CCC(OC)CC2)CCO1,ZINC001336471269,313.3540000000001,-1.403,0,20,DAAD
CC(C)[C@@](C)(NC(=O)CCCN1C(=O)CNC1=O)C(N)=O,ZINC000341947463,298.343,-0.665,0,20,CBAD
COC(=O)c1cc2cc(-c3cnc(O)c(F)c3)ncc2o1,ZINC001242614676,288.2340000000001,2.521,0,20,CFAD
CCc1cccc(C)c1NC(=O)[C@@H]1[C@H](C)C1(F)F,ZINC000334388428,253.292,3.397,0,20,CGAD
Cc1ccccc1C(C)(C)CNC(=O)C(=O)N[C@@H]1CCCOCC1,ZINC000285608245,332.444,2.074,0,20,EEAD
Cn1c(=O)c2cc(C(=O)OCC(=O)[C@@H]3CCOC3)cnc2n(C)c1=O,ZINC000762862971,347.327,-0.605,0,20,EBAD
CCN(CCc1ccccc1F)[C@H](C)CNC(=O)[C@@H]1CCC1(F)F,ZINC001153975743,342.405,3.24,0,20,EGAD
CC(C)(CNC(=O)c1cc(Cl)c(Cl)[nH]1)c1ccccn1,ZINC001344415529,312.2,3.424,0,20,DGAD
C[C@H]1CC[C@H](NC(=O)C(N)=O)CN1C(=O)c1ccc2nc(O)[nH]c2c1,ZINC001018381021,345.3590000000001,-0.13699999999999998,0,20,EBAD
Cc1c(Br)cccc1CN[C@H](C)c1cnccn1,ZINC000580449218,306.207,3.398,0,20,DGAD
O=C(O)[C@@H]1C[C@@H]1C(=O)N[C@@H]1C[C@@H]1c1c(F)cccc1F,ZINC000262174142,281.258,1.658,0,20,CDAD
CN(C(=O)Cn1cncn1)[C@@H]1CCN(C(=O)[C@@H]2CNC(=O)N2)C1,ZINC000939351621,321.341,-1.981,0,20,DAAD
CCc1ccc(CN2C[C@@H]3C[C@H]4C[C@H]3[C@@H]2[C@H]4OC)s1,ZINC000565920217,277.433,3.1660000000000004,0,20,CGAD
O=C(CCCF)NCCNCc1ncc(Br)s1,ZINC001132460154,324.219,1.861,0,20,DDAD
CN(C)C(=O)c1ccc(C(=O)N2CCN([C@H]3CCNC3)CC2)cc1,ZINC000343634431,330.432,0.508,0,20,ECAD
C/C=C(/C)C(=O)N(C)[C@@H]1CCCN(C(=O)C(C)(C)CCOC)CC1,ZINC001078912403,338.492,2.855,0,20,EFAD
C=CCOCCCN1CCCC[C@@H](CCOC)C1,ZINC000348061780,255.402,2.718,30,20,CFED
C=C1CCN(c2nnc(-c3[nH]cnc3C)n2CCCOCC)CC1,ZINC001342353486,330.436,2.56,30,20,EFED
CCc1noc([C@@H](C)Oc2ccc3c(c2)CCNC3=O)n1,ZINC000352036053,287.319,2.0580000000000003,0,20,CEAD
O=C(c1ncccn1)N1C[C@H]2OCCN(C(=O)[C@H]3CCNC3=O)[C@H]2C1,ZINC000960723815,345.3590000000001,-1.336,0,20,EAAD
CCN(C(=O)[C@H]1CCN(CC(C)C)C1)C1CN(C(=O)C2=CCCC2)C1,ZINC000968048910,347.5030000000001,2.134,0,20,EEAD
O=C(Cn1cnnc1O)NC1[C@@H]2CN(C(=O)C[C@H]3CCNC3=O)C[C@@H]12,ZINC001012985291,348.36300000000006,-1.917,0,20,EAAD
COCCCN(CCOC)C(=O)C(=O)NC1CNC1,ZINC000514824569,273.333,-1.414,0,20,CAAD
CC#CCN1C[C@@H](NC(=O)[C@H]2CN(C)C(=O)N2)[C@H](OC)C1,ZINC001082021039,294.355,-1.151,30,20,CAED
CC(C)[C@@H]1CN(C(=O)c2ccc(S(N)(=O)=O)cc2)CCN1,ZINC000621148531,311.407,0.404,0,20,DCAD
C[C@H](C[C@H](C)NC(=O)c1ocnc1C1CC1)NC(=O)c1ncccn1,ZINC001371290778,343.38699999999994,1.669,0,20,EDAD
C[C@H]1C[C@@H](NC(=O)C(C)(C)C2CCC2)CN1C(=O)c1cnsn1,ZINC001012336849,336.461,2.084,0,20,EEAD
N#Cc1ccnc(NC(=O)C(=O)[C@H](O)[C@@H](O)[C@@H](O)CO)c1,ZINC001144891978,295.251,-2.464,30,20,CAED
CO[C@@H](C)CC(=O)NC[C@H](O)CN(C)C(=O)CN1CCCC1=O,ZINC001488325296,329.397,-1.031,0,20,EAAD
COC(=O)c1cscc1Nc1cccc2cnn(C)c21,ZINC001175441057,287.344,3.165,0,20,CGAD
Cn1ccnc(N2CCC[C@H](N3CCOCC3)CC2)c1=O,ZINC000563424005,292.383,0.471,0,20,CCAD
CCc1nc(C(=O)NCCN)nn1-c1ccccc1,ZINC000269123491,259.313,0.518,0,20,CCAD
CS[C@@H](C)C(=O)N1CCC(NC(=O)[C@H]2CCCC2(C)C)CC1,ZINC000944574685,326.506,2.6710000000000003,0,20,EFAD
CCN(CCN[C@@H](C)C(=O)NC(=O)NC)C(=O)c1cn(C)nn1,ZINC001482921730,325.373,-1.289,0,20,EAAD
C[C@H](NC(=O)c1cccnc1C(N)=O)C1CN(CC(N)=O)C1,ZINC000970914659,305.338,-1.284,0,20,DAAD
Cn1ncc2c1nnn(Cc1ccc(C(N)=O)cc1[N+](=O)[O-])c2=O,ZINC000440832636,329.276,-0.42,5,20,EBBD
CCC[C@H](CCc1ccccc1)N[C@@H]1CCNC[C@H]1OC,ZINC001246218137,290.451,2.754,0,20,CFAD
C[C@H]1Oc2ccccc2[C@@H]1NC(=O)NCc1ccc2c(c1)ncn2C,ZINC000922502756,336.395,2.895,0,20,EFAD
COc1ccsc1C(=O)N1CC[C@H](CNCC2CCC2)[C@H](C)C1,ZINC001075355225,336.501,3.245,0,20,EGAD
CN1CCN(C(=O)CNC(=O)[C@@H]2C[C@H]2[N+](=O)[O-])CC1,ZINC001181497141,270.289,-1.4580000000000002,5,20,CABD
C[C@@H](N[C@@H](C)Cc1ccc(C#N)cc1)c1nnc2ccccn21,ZINC001172292121,305.385,2.883,30,20,DFED
Cc1conc1CN1[C@H]2CCC[C@H]1CN(C(=O)c1ccc(F)s1)C2,ZINC001040021824,349.431,3.063,0,20,EGAD
C=CC[C@@H]1CCCN(S(=O)(=O)c2cnc(C(C)C)[nH]2)C1,ZINC000657093832,297.4240000000001,2.51,30,20,CFED
Cc1cn2c(n1)[C@H](CNC(=O)N1CCN(C(=O)C3CC3)CC1)CCC2,ZINC000533572411,345.44699999999995,1.3330000000000002,0,20,EDAD
Cc1cccc([C@H](O)CNC(=O)NCc2ccc(O)c(F)c2)c1,ZINC000152842100,318.348,2.373,0,20,DEAD
COCCn1cc(NC2=CCS(=O)(=O)CC2)cn1,ZINC001216562589,271.342,0.644,0,20,CCAD
O=C(O)CN(CC1CC1)C(=O)[C@@H]1CC[C@H]2CCCC[C@H]2C1,ZINC000250833158,293.407,2.9160000000000004,0,20,CFAD
Cc1nc(C(C)C)oc1CNCCCNC(=O)[C@H]1CO[C@H](C)C1,ZINC001161330211,323.437,2.127,0,20,DEAD
COC(=O)c1cnc(NC(=O)C2=Cc3ccccc3OC2)s1,ZINC000032843458,316.338,2.344,0,20,DEAD
CCN1C[C@@H](O)[C@H](NC(=O)Cn2ncn3nccc3c2=O)C1,ZINC001077772105,306.326,-1.928,0,20,DAAD
CCO[C@H]1C[C@H]1C(=O)N[C@@H]1[C@H]2CN(C(=O)c3cn(C)nn3)C[C@H]21,ZINC000976205614,319.365,-0.573,0,20,DBAD
CC(=O)N1CC(C(=O)NC[C@H]2CN(C[C@@H](C)O)CCO2)C1,ZINC001035354021,299.371,-1.338,0,20,CAAD
C[C@H](C(=O)NC(N)=O)N(C)CCN(C)C(=O)C[C@H]1CCN(C)C1=O,ZINC001379057033,341.412,-1.172,0,20,EAAD
C[C@]1(CNC(=O)N[C@H]2CC23CCCCC3)CCO[C@H]1C1CC1,ZINC000545227400,306.45,3.214,0,20,DGAD
C[C@@H]1C[C@H]1C(=O)N[C@H]1C[C@H](CNC(=O)c2ccc(O)nc2)C1,ZINC000980505957,303.362,1.068,0,20,DDAD
CC(C)C[C@H](C)C(=O)N1CC[C@](O)(CNC(=O)C(N)=O)C1,ZINC001040743721,299.371,-0.767,0,20,CBAD
Cc1nnc(O)c(C(=O)Nc2ccc(N3CCCCC3)c(F)c2)c1C,ZINC000882647541,344.39,3.181,0,20,EGAD
CS(=O)(=O)Nc1cccc(NC[C@@H]2CCc3ccccc32)c1,ZINC000892325084,316.426,3.2,0,20,DGAD
CC(C)CCC[C@H](C)NC(=O)CS(=O)(=O)c1nccn1C,ZINC000047944051,315.439,1.525,0,20,DDAD
C[C@@H](C(=O)NCCCNCC(=O)N1CCC1)C1CC1,ZINC001156249640,267.373,0.361,0,20,CCAD
CNC(=O)[C@@H]1CCCN1CC(=O)c1c(N)n(C)c(=O)n(C)c1=O,ZINC000055014368,323.353,-1.941,0,20,DAAD
CCOCCN(CC)C(=O)Nc1ccc(C(=O)CC)cc1,ZINC000626736456,292.379,3.17,0,20,CGAD
CC[C@@H]1Oc2cc([C@@H](C)NC(=O)Nc3cnsn3)ccc2NC1=O,ZINC000839114669,347.4,2.53,0,20,EFAD
C[C@H]1CC[C@H](NC(=O)C(N)=O)CN1CCNC(=O)C1CC1,ZINC001132253483,296.371,-1.033,0,20,CAAD
O=C(C(=O)N1CCC[C@@]12CCOC2)N1CCc2cc(F)c(F)cc21,ZINC000342453699,336.338,1.635,0,20,EDAD
C[C@H](CNc1nccn2nnnc12)NC(=O)CN(C)S(C)(=O)=O,ZINC001108174167,342.385,-1.673,0,20,EAAD
CC(C)n1ccc(NC(=S)NCCCC[S@@](C)=O)cc1=O,ZINC001247023264,329.491,1.874,0,20,EDAD
Cc1ncc(CO)c(CNc2ncc(F)c3cc[nH]c32)c1O,ZINC001157031510,302.309,2.215,0,20,DEAD
C[C@H]1CN(C)C[C@@H]1C(=O)NCCc1ccccc1Cl,ZINC000362738186,280.79900000000004,2.196,0,20,CEAD
CCS(=O)(=O)NCCCN[C@H]1CCCS(=O)(=O)C1,ZINC000775379187,298.43,-0.517,0,20,CBAD
CCc1cc(CC(=O)N2CC3(C2)CCN(CCCO)CC3)n(C)n1,ZINC001050599869,334.464,0.8320000000000001,0,20,ECAD
CC(C)(C)[C@@H]1CCN(C(=O)N[C@H]2C[C@@H](C(=O)O)C2)CCO1,ZINC001573391611,298.383,1.696,0,20,CDAD
CNC(=O)[C@H](C)N1CC[C@H](N(C)C(=O)C2CS(=O)(=O)C2)C1,ZINC001033110377,317.411,-1.3019999999999998,0,20,DAAD
Cc1csc(=O)n1CCN1CCC(Oc2ccncc2C)CC1,ZINC000278593545,333.457,2.465,0,20,EEAD
CCNC(=S)N(Cc1ccc([N+](=O)[O-])cc1)C(C)C,ZINC000063675021,281.381,2.7,0,20,CFAD
CO[C@@H]1CN(C(=O)CC(C)(C)O)C[C@H]1NC(=O)c1ccncn1,ZINC000946034250,322.365,-0.407,0,20,DBAD
CCCCC(=O)NC1(CO)CCN(C(=O)[C@@H]2C[C@H]2c2cnc[nH]2)CC1,ZINC001080726544,348.44699999999995,1.173,0,20,EDAD
CCc1cc(CNC(=O)NCCS(=O)(=O)NC2CC2)n[nH]1,ZINC000738970830,315.399,-0.147,0,20,DBAD
CCOc1cc(C(=O)N[C@@H](C)CNC(=O)c2ncoc2C)on1,ZINC001415127342,322.321,0.918,0,20,DCAD
CN(CCc1ccccc1F)C(=O)c1cc2nccnc2cc1F,ZINC000791582869,327.334,3.2230000000000003,0,20,EGAD
CC(C)(CCCO)CNC(=O)N1C[C@H](O)[C@H](CO)C1,ZINC001427276813,274.361,-0.22,0,20,CBAD
Cc1nocc1C(=O)N(C)C[C@@H](C)NC(=O)c1cnoc1C(C)C,ZINC001382201219,334.376,1.985,0,20,EDAD
NC(=O)Cn1cc(C(=O)N2C[C@H]3CC[C@@H](C2)N3C2CCNCC2)nn1,ZINC001580093492,347.423,-1.196,0,20,EAAD
CNC(=O)N1CCN(C(=O)Cc2c(C)nc3cc(=O)[nH]n3c2C)CC1,ZINC000267211070,346.391,-0.334,0,20,EBAD
CN(C)c1ccc(C(=O)N(CCN)Cc2cccc(Cl)c2)cn1,ZINC001578424622,332.835,2.402,0,20,EEAD
CCC1(C(=O)N2C[C@@H](O)[C@@H](CNC(=O)CC3CCC3)C2)CC1,ZINC001081388377,308.422,1.3019999999999998,0,20,DDAD
Cc1ccnc(CN2CCN(C(=O)[C@@H]3CCC(=O)NC3)CC2)n1,ZINC000949035645,317.393,-0.045,0,20,DBAD
COCC(=O)N1CC[C@@](C)(NC(=O)c2ccc3nonc3c2)C1,ZINC000957458757,318.333,0.59,0,20,DCAD
CCC(=O)N1CCN(c2nc3c(c(=O)[nH]c(=O)n3C)n2CC)CC1,ZINC000000328380,334.38,-0.498,0,50,EBAA
CCOCC(=O)N(C)CCNC(=O)Cn1nc(C)n(C)c1=O,ZINC001388014264,313.358,-1.499,0,20,DAAD
Cc1nc(C)c(CNC[C@@H]2CCCCN2C(=O)/C=C\C2CC2)o1,ZINC000959932296,317.433,2.728,0,20,DFAD
O=C(Nc1cc(F)cc(Cl)c1)N1CC[C@H](n2cccn2)C1,ZINC000291248117,308.744,3.155,0,20,DGAD
O=C(N[C@@H](CO)c1ccc(F)cc1)C(F)(F)C1(O)CCC1,ZINC000771129385,303.28,1.526,0,20,DDAD
Cc1ccc(N2[C@H]3CC[C@H]2CN(C(=O)c2cnn(C)c2N)CC3)nn1,ZINC001065146240,341.4190000000001,0.984,0,20,ECAD
COC[C@@H](Cn1c(C)nnc1N(C)C[C@H]1CCN(C(C)=O)C1)OC,ZINC001411856944,339.44,0.5529999999999999,0,20,ECAD
Cc1nnsc1C(=O)N[C@@H](C)CN(C)C(=O)C1CCOCC1,ZINC001395522718,326.422,0.85,0,20,ECAD
CCN1CC[C@@H](NC(=O)c2ccc3ncn(C)c3n2)C1,ZINC001015699268,273.34,0.792,0,20,CCAD
C[C@@H]1CCC[C@]1(C)C(=O)NCCNCCC(C)(C)C,ZINC001133439693,268.445,2.955,0,20,CFAD
CC(C)(O)CC(=O)N1CC[C@@H](n2cc(CNCc3cnon3)nn2)C1,ZINC001089581073,349.395,-0.115,0,20,EBAD
Cn1cc(CNC(=O)C(=O)N2CCO[C@@H]([C@H]3CCCO3)C2)nn1,ZINC001326650083,323.353,-1.162,0,20,DAAD
CCNC[C@H]1CCCCN1C(=O)c1ccoc1CC(N)=O,ZINC001025059555,293.367,0.912,0,20,CCAD
CN(C)C(=O)CCNC(=O)N1CCc2cc(C(C)(C)C)ccc21,ZINC000195465953,317.433,2.535,0,20,DFAD
COC(=O)[C@H](O)CN1CCN(C2CCCC2)C(=O)C1,ZINC001252421261,270.329,-0.393,0,20,CBAD
C[C@H](C(=O)NC[C@H]1C[C@@H](O)C1)c1cn(C)c2ccccc12,ZINC000629074092,286.375,2.169,0,20,CEAD
C=C[C@H](COC)NC(=O)C(=O)N(CC)CC(C)C,ZINC001323587445,256.346,0.8079999999999999,30,20,CCED
C[C@H](CC(N)=O)C(=O)N[C@@H](CNC(=O)c1ncn(C)n1)C1CC1,ZINC001414860378,322.369,-1.0490000000000002,0,20,DAAD
C[C@@H]1CC[C@H](C(=O)NC2CN(C(=O)c3cc(C(N)=O)co3)C2)O1,ZINC001000314019,321.333,-0.113,0,20,DBAD
C[C@@H]1CN(C(=O)CN2CC(O)(CNC(=O)[C@@H]3CCOC3)C2)CCO1,ZINC001423814736,341.408,-1.567,0,20,EAAD
CNC(=O)[C@@H](C)NC1CCN(C(=O)Cc2ccc[nH]2)CC1,ZINC001203806270,292.383,0.272,0,20,CCAD
CCOc1ccc(NS(=O)(=O)c2cnc(CC)s2)c(C)c1,ZINC000359087990,326.443,3.213,0,20,EGAD
C[C@@H]1NC[C@H]1Oc1ccnc2c1cccc2C(F)(F)F,ZINC001218382549,282.265,2.9930000000000003,0,20,CFAD
COC[C@@H](C)C(=O)NCC1CN(CCn2nc(C)cc2C)C1,ZINC001481617410,308.426,0.83,0,20,DCAD
C[C@@H](CN(C)C(=O)C1(N(C)C)CCC1)NC(=O)c1cn(C)nn1,ZINC001510608763,322.413,-0.124,0,20,DBAD
CSC[C@@H](C)C(=O)N1CC(NC(=O)CCc2cncn2C)C1,ZINC001430283973,324.45,0.679,0,20,DCAD
CC(C)=CCN1CC[C@@H](NC(=O)Cn2ccc(O)nc2=O)[C@@H](O)C1,ZINC001090403769,336.392,-0.534,0,20,EBAD
CCOCC(=O)NC1CCN(C(=O)c2ccc(C)c(C)c2)CC1,ZINC001446841366,318.4170000000001,2.061,0,20,DEAD
COC[C@H](NC(=O)C1=NO[C@H](c2ccccc2)C1)C(C)C,ZINC000151479966,290.363,2.291,0,20,CEAD
Cc1noc(C)c1C(=O)NC[C@H](C)N(C)C1CC1,ZINC000057716331,251.33,1.504,0,20,CDAD
C[C@H](O)[C@H]1CCCN(C(=O)C(=O)NCCC2(C)OCCO2)C1,ZINC001322777001,314.382,-0.125,0,20,DBAD
Cc1ccc(C(=O)NC[C@@H]2CCN(C(=O)Cn3cnnn3)C2)cc1C,ZINC000982430925,342.403,0.568,0,20,ECAD
CCOC(=O)c1cc(-c2nc3ccc(F)c(Cl)c3[nH]2)nn1C,ZINC001251872817,322.7270000000001,2.9330000000000003,0,20,DFAD
CC(C)OCc1nc([C@H](C)NC(=O)c2c[nH]c3ncccc23)no1,ZINC000643017075,329.36,2.362,0,20,EEAD
C[C@H](CC(=O)N1CC2(C1)CCN(CC1CCC1)C2)[C@H]1CCCO1,ZINC001073150006,320.4770000000001,2.526,0,20,DFAD
Cc1nn[nH]c1C(=O)NCC[C@@H](C)NC(=O)[C@H](C)n1cccn1,ZINC001397831297,319.369,0.195,0,20,DCAD
Cc1ncoc1CN1CC[C@H]2[C@H]1CCCN2C(=O)c1ncccc1C,ZINC001049408658,340.427,2.5660000000000003,0,20,EFAD
O=C(NC1(CO)CCOCC1)[C@H]1CC2CCN1CC2,ZINC001142633486,268.357,0.128,0,20,CCAD
COC(=O)CCN(C)S(=O)(=O)NCCn1cncn1,ZINC000362975995,291.333,-1.393,0,20,CAAD
CC[C@H](C)[C@H](NC(=O)Cn1cncn1)C(=O)OC,ZINC000069535945,254.29,-0.018000000000000002,0,20,CBAD
Cc1ccc(NCC2(N(C)C)CCN(C)CC2)nn1,ZINC001164210264,263.389,1.223,0,20,CDAD
CCn1cc(CC(=O)N2c3ccccc3N(C)CC[C@@H]2C)cn1,ZINC000550650989,312.4170000000001,2.707,0,20,DFAD
NS(=O)(=O)CCCC(=O)NC1CN(CCn2cccn2)C1,ZINC001404810113,315.399,-1.248,0,20,DAAD
Cc1ccn(C)c1C(=O)N[C@H]1CC[C@@H](C)N(C(=O)c2oncc2C)C1,ZINC001018108625,344.415,2.053,0,20,EEAD
CO[C@H]1C[C@H](N[C@H]2Cc3[nH]c4ccccc4c3C2)C1,ZINC000624300470,256.349,2.402,0,20,CEAD
CCc1nnc(SCC(=O)c2cccc(C(=O)OC)c2)s1,ZINC000594913705,322.411,2.862,0,20,DFAD
C[C@H]1CN(C)CC[C@H]1N(C)C(=O)Cn1cnc(N)n1,ZINC001331960763,266.349,-0.341,0,20,CBAD
C#CCN(C(=O)N[C@@H](C)C1(OC)CCOCC1)C1CCCC1,ZINC000491664553,308.422,2.158,30,20,DEED
CCOC[C@@H]1CCCN(C(=O)C[C@@H]2CCc3ccccc32)C1,ZINC000115217107,301.43,3.382,0,20,DGAD
O=S(=O)(NC[C@@H]1OCCc2ccccc21)c1ccc(C(F)F)o1,ZINC000631958913,343.351,2.81,0,20,EFAD
C[C@H]1C[C@H](CO)CN(c2cc(Br)cnn2)C1,ZINC000664025261,286.173,1.694,0,20,CDAD
C[C@@H]1CN(C(=O)c2noc(-c3ccccc3)n2)CCS1,ZINC000336131628,289.36,2.314,0,20,CEAD
CC[C@@]1(C)NC(=O)N(CC(=O)N[C@H]2CC23CCC3)C1=O,ZINC000876481835,279.34,0.7659999999999999,0,20,CCAD
O=C(NC[C@@H]1COCCN1C(=O)c1ccc(F)s1)c1cnon1,ZINC000964325549,340.336,0.541,0,20,ECAD
CC(C)CCCC(=O)N1CC[C@H](N(C)CCCO[C@@H]2CCOC2)C1,ZINC001192490754,340.5080000000001,2.541,0,20,EFAD
CCc1noc(CCCC(=O)NCCCNCC#N)n1,ZINC001175976087,279.344,0.574,30,20,CCED
C#CCCN1CC(N(C)C(=O)[C@@H]2Cc3cc(C)c(C)cc3O2)C1,ZINC001044322688,312.413,1.773,30,20,DDED
CSc1cc(C(=O)NC2(C(N)=O)CCCC2)c(C)o1,ZINC000827727514,282.365,1.838,0,20,CDAD
CC(C)N(C)C[C@@H](C)NC(=O)CNS(=O)(=O)N(C)C,ZINC000615041617,294.421,-0.773,0,20,CBAD
Cc1nc(C)c(CCC(=O)N[C@H]2CCCCC23CCCC3)c(O)n1,ZINC000291482433,331.46,3.3510000000000004,0,20,EGAD
COCC#CCN1CCCO[C@H](CNC(=O)[C@@H](C)n2cncn2)C1,ZINC001149550138,335.408,-0.304,30,20,EBED
O=C(N[C@@H]1C[C@H]1C(F)(F)F)[C@H]1CC(=O)N(Cc2ccccn2)C1,ZINC000634502183,327.306,1.497,0,20,EDAD
CC(=O)NCC[C@@H](C)NCc1ccccc1Cl,ZINC001731721062,254.761,2.344,0,20,CEAD
Cc1[nH]ccc1C(=O)N[C@@H](C)CNC(=O)c1cccc2[nH]ccc21,ZINC001284342440,324.384,2.353,0,20,DEAD
CCC(CC)C(=O)NC[C@@H]1C[C@H](C)CCN1C(=O)[C@H]1CC1(C)C,ZINC001684707327,322.493,3.212,0,20,DGAD
C[C@@H]1CN(C(=O)CNC(N)=O)C[C@H]1CCNCCN1CCNC1=O,ZINC001103861883,340.42800000000005,-1.246,0,20,EAAD
CN(C[C@H](O)CNC(=O)C1=CCCC1)C(=O)C1CCCCC1,ZINC001451786140,308.422,1.6130000000000002,0,20,DDAD
